user_id,first_name,last_name,age,city,reg_date,plan,churn_date,full_name,reg_month,reg_day,churn_month,churn_day
1000,anamaria,bauer,45,"atlanta_sandy_springs_roswell,_ga_msa",2018-12-24 00:00:00+00:00,ultimate,,anamaria_bauer,12,24,,
1001,mickey,wilkerson,28,"seattle_tacoma_bellevue,_wa_msa",2018-08-13 00:00:00+00:00,surf,,mickey_wilkerson,8,13,,
1002,carlee,hoffman,36,"las_vegas_henderson_paradise,_nv_msa",2018-10-21 00:00:00+00:00,surf,,carlee_hoffman,10,21,,
1003,reynaldo,jenkins,52,"tulsa,_ok_msa",2018-01-28 00:00:00+00:00,surf,,reynaldo_jenkins,1,28,,
1004,leonila,thompson,40,"seattle_tacoma_bellevue,_wa_msa",2018-05-23 00:00:00+00:00,surf,,leonila_thompson,5,23,,
1005,livia,shields,31,"dallas_fort_worth_arlington,_tx_msa",2018-11-29 00:00:00+00:00,surf,,livia_shields,11,29,,
1006,jesusa,bradford,73,"san_francisco_oakland_berkeley,_ca_msa",2018-11-27 00:00:00+00:00,ultimate,2018-12-18 00:00:00+00:00,jesusa_bradford,11,27,12.0,18.0
1007,eusebio,welch,42,"grand_rapids_kentwood,_mi_msa",2018-07-11 00:00:00+00:00,surf,,eusebio_welch,7,11,,
1008,emely,hoffman,53,"orlando_kissimmee_sanford,_fl_msa",2018-08-03 00:00:00+00:00,ultimate,,emely_hoffman,8,3,,
1009,gerry,little,19,"san_jose_sunnyvale_santa_clara,_ca_msa",2018-04-22 00:00:00+00:00,surf,,gerry_little,4,22,,
1010,wilber,blair,52,"dallas_fort_worth_arlington,_tx_msa",2018-03-09 00:00:00+00:00,surf,,wilber_blair,3,9,,
1011,halina,henry,73,"cleveland_elyria,_oh_msa",2018-01-18 00:00:00+00:00,ultimate,,halina_henry,1,18,,
1012,jonelle,mcbride,59,"chicago_naperville_elgin,_il_in_wi_msa",2018-06-28 00:00:00+00:00,surf,2018-11-16 00:00:00+00:00,jonelle_mcbride,6,28,11.0,16.0
1013,nicolas,snider,50,"knoxville,_tn_msa",2018-12-01 00:00:00+00:00,ultimate,,nicolas_snider,12,1,,
1014,edmundo,simon,61,"new_york_newark_jersey_city,_ny_nj_pa_msa",2018-11-25 00:00:00+00:00,surf,,edmundo_simon,11,25,,
1015,beata,carpenter,26,"pittsburgh,_pa_msa",2018-12-05 00:00:00+00:00,surf,,beata_carpenter,12,5,,
1016,jann,salinas,30,"fresno,_ca_msa",2018-10-25 00:00:00+00:00,surf,,jann_salinas,10,25,,
1017,boris,gates,61,"washington_arlington_alexandria,_dc_va_md_wv_msa",2018-08-26 00:00:00+00:00,surf,,boris_gates,8,26,,
1018,dennis,grimes,70,"indianapolis_carmel_anderson,_in_msa",2018-10-17 00:00:00+00:00,surf,,dennis_grimes,10,17,,
1019,shizue,landry,34,"jacksonville,_fl_msa",2018-01-16 00:00:00+00:00,surf,,shizue_landry,1,16,,
1020,rutha,bell,56,"dallas_fort_worth_arlington,_tx_msa",2018-11-08 00:00:00+00:00,surf,,rutha_bell,11,8,,
1021,ricarda,booker,37,"los_angeles_long_beach_anaheim,_ca_msa",2018-12-21 00:00:00+00:00,surf,,ricarda_booker,12,21,,
1022,bo,snow,73,"new_york_newark_jersey_city,_ny_nj_pa_msa",2018-04-20 00:00:00+00:00,surf,2018-09-07 00:00:00+00:00,bo_snow,4,20,9.0,7.0
1023,jack,delaney,70,"omaha_council_bluffs,_ne_ia_msa",2018-07-06 00:00:00+00:00,surf,,jack_delaney,7,6,,
1024,yuki,tyson,74,"new_york_newark_jersey_city,_ny_nj_pa_msa",2018-08-21 00:00:00+00:00,surf,,yuki_tyson,8,21,,
1025,jess,wilkinson,64,"atlanta_sandy_springs_roswell,_ga_msa",2018-10-28 00:00:00+00:00,ultimate,,jess_wilkinson,10,28,,
1026,meggan,hamilton,49,"houston_the_woodlands_sugar_land,_tx_msa",2018-07-20 00:00:00+00:00,ultimate,,meggan_hamilton,7,20,,
1027,georgeanna,cardenas,38,"new_york_newark_jersey_city,_ny_nj_pa_msa",2018-06-26 00:00:00+00:00,surf,,georgeanna_cardenas,6,26,,
1028,jefferey,rasmussen,57,"philadelphia_camden_wilmington,_pa_nj_de_md_msa",2018-02-21 00:00:00+00:00,ultimate,,jefferey_rasmussen,2,21,,
1029,franklyn,henson,59,"tampa_st_petersburg_clearwater,_fl_msa",2018-01-05 00:00:00+00:00,surf,,franklyn_henson,1,5,,
1030,chase,kane,30,"chicago_naperville_elgin,_il_in_wi_msa",2018-02-14 00:00:00+00:00,ultimate,,chase_kane,2,14,,
1031,lane,martin,52,"new_york_newark_jersey_city,_ny_nj_pa_msa",2018-07-15 00:00:00+00:00,ultimate,,lane_martin,7,15,,
1032,delila,dalton,59,"birmingham_hoover,_al_msa",2018-06-07 00:00:00+00:00,ultimate,,delila_dalton,6,7,,
1033,latoyia,moran,28,"oklahoma_city,_ok_msa",2018-05-30 00:00:00+00:00,ultimate,,latoyia_moran,5,30,,
1034,jc,gentry,22,"new_york_newark_jersey_city,_ny_nj_pa_msa",2018-08-13 00:00:00+00:00,surf,,jc_gentry,8,13,,
1035,jeff,cummings,67,"charlotte_concord_gastonia,_nc_sc_msa",2018-12-08 00:00:00+00:00,surf,,jeff_cummings,12,8,,
1036,myron,hodge,70,"denver_aurora_lakewood,_co_msa",2018-05-09 00:00:00+00:00,ultimate,,myron_hodge,5,9,,
1037,reena,velazquez,20,"seattle_tacoma_bellevue,_wa_msa",2018-08-11 00:00:00+00:00,ultimate,,reena_velazquez,8,11,,
1038,olympia,velazquez,32,"nashville_davidson_murfreesboro_franklin,_tn_msa",2018-06-25 00:00:00+00:00,ultimate,,olympia_velazquez,6,25,,
1039,flo,hicks,56,"columbus,_oh_msa",2018-05-30 00:00:00+00:00,ultimate,,flo_hicks,5,30,,
1040,paris,santos,72,"philadelphia_camden_wilmington,_pa_nj_de_md_msa",2018-12-23 00:00:00+00:00,surf,2018-12-30 00:00:00+00:00,paris_santos,12,23,12.0,30.0
1041,drucilla,lynn,58,"las_vegas_henderson_paradise,_nv_msa",2018-03-17 00:00:00+00:00,ultimate,,drucilla_lynn,3,17,,
1042,clementina,mclaughlin,40,"philadelphia_camden_wilmington,_pa_nj_de_md_msa",2018-01-15 00:00:00+00:00,surf,,clementina_mclaughlin,1,15,,
1043,carlos,hinton,42,"new_york_newark_jersey_city,_ny_nj_pa_msa",2018-06-20 00:00:00+00:00,ultimate,,carlos_hinton,6,20,,
1044,devora,galloway,74,"albuquerque,_nm_msa",2018-08-30 00:00:00+00:00,surf,,devora_galloway,8,30,,
1045,barney,ortega,20,"new_york_newark_jersey_city,_ny_nj_pa_msa",2018-10-15 00:00:00+00:00,surf,,barney_ortega,10,15,,
1046,beata,hooper,67,"boston_cambridge_newton,_ma_nh_msa",2018-02-19 00:00:00+00:00,surf,,beata_hooper,2,19,,
1047,yuk,french,22,"indianapolis_carmel_anderson,_in_msa",2018-06-16 00:00:00+00:00,ultimate,,yuk_french,6,16,,
1048,linwood,terrell,42,"miami_fort_lauderdale_west_palm_beach,_fl_msa",2018-08-24 00:00:00+00:00,surf,,linwood_terrell,8,24,,
1049,loise,avery,25,"new_york_newark_jersey_city,_ny_nj_pa_msa",2018-02-21 00:00:00+00:00,surf,,loise_avery,2,21,,
1050,jone,owen,23,"miami_fort_lauderdale_west_palm_beach,_fl_msa",2018-03-20 00:00:00+00:00,ultimate,2018-10-07 00:00:00+00:00,jone_owen,3,20,10.0,7.0
1051,rosario,gibbs,55,"san_diego_chula_vista_carlsbad,_ca_msa",2018-12-11 00:00:00+00:00,surf,,rosario_gibbs,12,11,,
1052,edmond,hopkins,47,"houston_the_woodlands_sugar_land,_tx_msa",2018-03-05 00:00:00+00:00,surf,,edmond_hopkins,3,5,,
1053,piper,espinoza,27,"new_york_newark_jersey_city,_ny_nj_pa_msa",2018-07-30 00:00:00+00:00,surf,,piper_espinoza,7,30,,
1054,denis,frost,50,"phoenix_mesa_chandler,_az_msa",2018-04-21 00:00:00+00:00,surf,2018-12-31 00:00:00+00:00,denis_frost,4,21,12.0,31.0
1055,patrick,mclean,52,"portland_vancouver_hillsboro,_or_wa_msa",2018-01-13 00:00:00+00:00,surf,,patrick_mclean,1,13,,
1056,denis,chandler,33,"cincinnati,_oh_ky_in_msa",2018-03-01 00:00:00+00:00,surf,,denis_chandler,3,1,,
1057,theo,sargent,18,"atlanta_sandy_springs_roswell,_ga_msa",2018-08-07 00:00:00+00:00,ultimate,,theo_sargent,8,7,,
1058,reinaldo,colon,59,"los_angeles_long_beach_anaheim,_ca_msa",2018-11-06 00:00:00+00:00,surf,,reinaldo_colon,11,6,,
1059,avril,richardson,34,"chicago_naperville_elgin,_il_in_wi_msa",2018-04-22 00:00:00+00:00,ultimate,,avril_richardson,4,22,,
1060,denisse,santos,53,"atlanta_sandy_springs_roswell,_ga_msa",2018-04-07 00:00:00+00:00,surf,,denisse_santos,4,7,,
1061,maryam,valencia,38,"columbia,_sc_msa",2018-03-08 00:00:00+00:00,ultimate,,maryam_valencia,3,8,,
1062,kristeen,head,41,"san_antonio_new_braunfels,_tx_msa",2018-02-06 00:00:00+00:00,ultimate,,kristeen_head,2,6,,
1063,larhonda,hartman,60,"new_york_newark_jersey_city,_ny_nj_pa_msa",2018-11-05 00:00:00+00:00,ultimate,,larhonda_hartman,11,5,,
1064,gerardo,ashley,46,"new_york_newark_jersey_city,_ny_nj_pa_msa",2018-06-03 00:00:00+00:00,surf,,gerardo_ashley,6,3,,
1065,sherlyn,noel,26,"los_angeles_long_beach_anaheim,_ca_msa",2018-08-03 00:00:00+00:00,surf,,sherlyn_noel,8,3,,
1066,ariel,woods,61,"boston_cambridge_newton,_ma_nh_msa",2018-03-08 00:00:00+00:00,surf,,ariel_woods,3,8,,
1067,robt,allen,37,"grand_rapids_kentwood,_mi_msa",2018-09-24 00:00:00+00:00,surf,2018-11-24 00:00:00+00:00,robt_allen,9,24,11.0,24.0
1068,marcel,jimenez,47,"new_york_newark_jersey_city,_ny_nj_pa_msa",2018-01-29 00:00:00+00:00,surf,,marcel_jimenez,1,29,,
1069,dino,fry,31,"houston_the_woodlands_sugar_land,_tx_msa",2018-09-17 00:00:00+00:00,ultimate,,dino_fry,9,17,,
1070,jacelyn,contreras,66,"chicago_naperville_elgin,_il_in_wi_msa",2018-05-12 00:00:00+00:00,surf,,jacelyn_contreras,5,12,,
1071,isa,roy,29,"new_york_newark_jersey_city,_ny_nj_pa_msa",2018-05-23 00:00:00+00:00,surf,,isa_roy,5,23,,
1072,seymour,spence,66,"dallas_fort_worth_arlington,_tx_msa",2018-07-12 00:00:00+00:00,surf,,seymour_spence,7,12,,
1073,grady,crawford,30,"chicago_naperville_elgin,_il_in_wi_msa",2018-04-06 00:00:00+00:00,surf,,grady_crawford,4,6,,
1074,particia,fuller,69,"knoxville,_tn_msa",2018-11-26 00:00:00+00:00,ultimate,,particia_fuller,11,26,,
1075,salena,bates,35,"philadelphia_camden_wilmington,_pa_nj_de_md_msa",2018-08-06 00:00:00+00:00,surf,,salena_bates,8,6,,
1076,ronny,browning,51,"buffalo_cheektowaga,_ny_msa",2018-07-29 00:00:00+00:00,surf,,ronny_browning,7,29,,
1077,chau,webster,23,"charlotte_concord_gastonia,_nc_sc_msa",2018-01-14 00:00:00+00:00,ultimate,,chau_webster,1,14,,
1078,earnest,gray,47,"seattle_tacoma_bellevue,_wa_msa",2018-02-11 00:00:00+00:00,surf,,earnest_gray,2,11,,
1079,brian,mccall,48,"new_york_newark_jersey_city,_ny_nj_pa_msa",2018-01-26 00:00:00+00:00,surf,,brian_mccall,1,26,,
1080,neal,mcgee,45,"new_york_newark_jersey_city,_ny_nj_pa_msa",2018-08-03 00:00:00+00:00,surf,,neal_mcgee,8,3,,
1081,grayce,sears,44,"dallas_fort_worth_arlington,_tx_msa",2018-04-27 00:00:00+00:00,surf,,grayce_sears,4,27,,
1082,dominic,witt,64,"memphis,_tn_ms_ar_msa",2018-04-15 00:00:00+00:00,surf,,dominic_witt,4,15,,
1083,lyndia,acevedo,65,"los_angeles_long_beach_anaheim,_ca_msa",2018-10-26 00:00:00+00:00,surf,2018-12-18 00:00:00+00:00,lyndia_acevedo,10,26,12.0,18.0
1084,wiley,mckinney,21,"miami_fort_lauderdale_west_palm_beach,_fl_msa",2018-06-04 00:00:00+00:00,surf,2018-11-11 00:00:00+00:00,wiley_mckinney,6,4,11.0,11.0
1085,ignacio,bennett,48,"atlanta_sandy_springs_roswell,_ga_msa",2018-07-19 00:00:00+00:00,ultimate,,ignacio_bennett,7,19,,
1086,adena,macias,36,"new_york_newark_jersey_city,_ny_nj_pa_msa",2018-01-13 00:00:00+00:00,ultimate,,adena_macias,1,13,,
1087,lenard,atkinson,45,"washington_arlington_alexandria,_dc_va_md_wv_msa",2018-11-18 00:00:00+00:00,surf,,lenard_atkinson,11,18,,
1088,paris,robertson,64,"phoenix_mesa_chandler,_az_msa",2018-05-27 00:00:00+00:00,ultimate,,paris_robertson,5,27,,
1089,malena,kelley,70,"philadelphia_camden_wilmington,_pa_nj_de_md_msa",2018-09-03 00:00:00+00:00,surf,,malena_kelley,9,3,,
1090,brock,skinner,30,"indianapolis_carmel_anderson,_in_msa",2018-05-12 00:00:00+00:00,surf,,brock_skinner,5,12,,
1091,taylor,oliver,38,"riverside_san_bernardino_ontario,_ca_msa",2018-05-04 00:00:00+00:00,ultimate,,taylor_oliver,5,4,,
1092,taren,strickland,26,"dallas_fort_worth_arlington,_tx_msa",2018-12-10 00:00:00+00:00,surf,,taren_strickland,12,10,,
1093,karima,hampton,69,"nashville_davidson_murfreesboro_franklin,_tn_msa",2018-12-17 00:00:00+00:00,surf,,karima_hampton,12,17,,
1094,walter,petersen,54,"los_angeles_long_beach_anaheim,_ca_msa",2018-10-30 00:00:00+00:00,surf,2018-12-12 00:00:00+00:00,walter_petersen,10,30,12.0,12.0
1095,lilliam,alvarado,55,"louisville_jefferson_county,_ky_in_msa",2018-04-21 00:00:00+00:00,surf,,lilliam_alvarado,4,21,,
1096,song,cline,28,"new_york_newark_jersey_city,_ny_nj_pa_msa",2018-12-22 00:00:00+00:00,ultimate,,song_cline,12,22,,
1097,deandre,powell,27,"washington_arlington_alexandria,_dc_va_md_wv_msa",2018-02-26 00:00:00+00:00,surf,,deandre_powell,2,26,,
1098,collin,sims,33,"albany_schenectady_troy,_ny_msa",2018-08-14 00:00:00+00:00,surf,,collin_sims,8,14,,
1099,shavon,banks,48,"new_york_newark_jersey_city,_ny_nj_pa_msa",2018-02-26 00:00:00+00:00,surf,,shavon_banks,2,26,,
1100,aaron,rowe,65,"new_york_newark_jersey_city,_ny_nj_pa_msa",2018-02-13 00:00:00+00:00,surf,,aaron_rowe,2,13,,
1101,sage,conley,27,"washington_arlington_alexandria,_dc_va_md_wv_msa",2018-02-08 00:00:00+00:00,surf,,sage_conley,2,8,,
1102,marquitta,walton,30,"riverside_san_bernardino_ontario,_ca_msa",2018-02-20 00:00:00+00:00,ultimate,,marquitta_walton,2,20,,
1103,moises,weeks,28,"seattle_tacoma_bellevue,_wa_msa",2018-07-01 00:00:00+00:00,surf,,moises_weeks,7,1,,
1104,thurman,stephens,20,"chicago_naperville_elgin,_il_in_wi_msa",2018-12-23 00:00:00+00:00,ultimate,,thurman_stephens,12,23,,
1105,micheal,poole,57,"providence_warwick,_ri_ma_msa",2018-01-08 00:00:00+00:00,surf,,micheal_poole,1,8,,
1106,eddy,garrison,47,"new_york_newark_jersey_city,_ny_nj_pa_msa",2018-05-10 00:00:00+00:00,surf,2018-11-14 00:00:00+00:00,eddy_garrison,5,10,11.0,14.0
1107,lane,cash,61,"new_york_newark_jersey_city,_ny_nj_pa_msa",2018-11-15 00:00:00+00:00,ultimate,,lane_cash,11,15,,
1108,porfirio,kane,45,"salt_lake_city,_ut_msa",2018-12-30 00:00:00+00:00,ultimate,,porfirio_kane,12,30,,
1109,dominic,salinas,41,"new_york_newark_jersey_city,_ny_nj_pa_msa",2018-02-16 00:00:00+00:00,surf,,dominic_salinas,2,16,,
1110,anderson,cotton,65,"washington_arlington_alexandria,_dc_va_md_wv_msa",2018-04-20 00:00:00+00:00,surf,,anderson_cotton,4,20,,
1111,booker,hahn,75,"urban_honolulu,_hi_msa",2018-09-17 00:00:00+00:00,surf,,booker_hahn,9,17,,
1112,amal,pacheco,18,"grand_rapids_kentwood,_mi_msa",2018-10-08 00:00:00+00:00,ultimate,,amal_pacheco,10,8,,
1113,spencer,powers,27,"new_york_newark_jersey_city,_ny_nj_pa_msa",2018-06-04 00:00:00+00:00,ultimate,,spencer_powers,6,4,,
1114,esta,estes,55,"new_york_newark_jersey_city,_ny_nj_pa_msa",2018-07-21 00:00:00+00:00,surf,,esta_estes,7,21,,
1115,yevette,yang,21,"el_paso,_tx_msa",2018-11-19 00:00:00+00:00,surf,,yevette_yang,11,19,,
1116,moriah,yates,60,"cincinnati,_oh_ky_in_msa",2018-08-08 00:00:00+00:00,surf,,moriah_yates,8,8,,
1117,hank,taylor,49,"dallas_fort_worth_arlington,_tx_msa",2018-01-24 00:00:00+00:00,surf,,hank_taylor,1,24,,
1118,deane,ramirez,28,"columbus,_oh_msa",2018-12-08 00:00:00+00:00,surf,,deane_ramirez,12,8,,
1119,anderson,palmer,60,"louisville_jefferson_county,_ky_in_msa",2018-10-05 00:00:00+00:00,surf,,anderson_palmer,10,5,,
1120,abraham,mcconnell,33,"new_york_newark_jersey_city,_ny_nj_pa_msa",2018-04-03 00:00:00+00:00,surf,,abraham_mcconnell,4,3,,
1121,kathaleen,albert,34,"miami_fort_lauderdale_west_palm_beach,_fl_msa",2018-03-13 00:00:00+00:00,surf,,kathaleen_albert,3,13,,
1122,lashay,reese,57,"miami_fort_lauderdale_west_palm_beach,_fl_msa",2018-03-04 00:00:00+00:00,surf,,lashay_reese,3,4,,
1123,dierdre,nash,66,"philadelphia_camden_wilmington,_pa_nj_de_md_msa",2018-04-19 00:00:00+00:00,surf,,dierdre_nash,4,19,,
1124,jenell,navarro,48,"new_haven_milford,_ct_msa",2018-02-19 00:00:00+00:00,ultimate,,jenell_navarro,2,19,,
1125,assunta,carver,39,"north_port_sarasota_bradenton,_fl_msa",2018-08-16 00:00:00+00:00,surf,,assunta_carver,8,16,,
1126,jermaine,mcguire,68,"chicago_naperville_elgin,_il_in_wi_msa",2018-06-02 00:00:00+00:00,ultimate,,jermaine_mcguire,6,2,,
1127,marchelle,brock,28,"new_york_newark_jersey_city,_ny_nj_pa_msa",2018-06-23 00:00:00+00:00,surf,,marchelle_brock,6,23,,
1128,lucius,fernandez,41,"knoxville,_tn_msa",2018-01-25 00:00:00+00:00,ultimate,,lucius_fernandez,1,25,,
1129,marin,bolton,70,"baton_rouge,_la_msa",2018-11-10 00:00:00+00:00,surf,2018-12-27 00:00:00+00:00,marin_bolton,11,10,12.0,27.0
1130,clarence,cunningham,27,"philadelphia_camden_wilmington,_pa_nj_de_md_msa",2018-05-17 00:00:00+00:00,surf,,clarence_cunningham,5,17,,
1131,shane,morrison,60,"los_angeles_long_beach_anaheim,_ca_msa",2018-01-07 00:00:00+00:00,surf,,shane_morrison,1,7,,
1132,edward,roberts,39,"san_francisco_oakland_berkeley,_ca_msa",2018-04-14 00:00:00+00:00,ultimate,,edward_roberts,4,14,,
1133,larry,barr,50,"cincinnati,_oh_ky_in_msa",2018-07-21 00:00:00+00:00,ultimate,,larry_barr,7,21,,
1134,shannon,nichols,71,"chicago_naperville_elgin,_il_in_wi_msa",2018-09-03 00:00:00+00:00,surf,,shannon_nichols,9,3,,
1135,scotty,white,51,"miami_fort_lauderdale_west_palm_beach,_fl_msa",2018-12-23 00:00:00+00:00,ultimate,,scotty_white,12,23,,
1136,jasper,caldwell,25,"knoxville,_tn_msa",2018-10-14 00:00:00+00:00,surf,,jasper_caldwell,10,14,,
1137,allegra,hopkins,20,"chicago_naperville_elgin,_il_in_wi_msa",2018-10-02 00:00:00+00:00,surf,,allegra_hopkins,10,2,,
1138,arlie,higgins,66,"riverside_san_bernardino_ontario,_ca_msa",2018-02-06 00:00:00+00:00,surf,,arlie_higgins,2,6,,
1139,thomas,lawson,66,"new_orleans_metairie,_la_msa",2018-11-18 00:00:00+00:00,surf,,thomas_lawson,11,18,,
1140,randolph,graves,53,"new_york_newark_jersey_city,_ny_nj_pa_msa",2018-03-26 00:00:00+00:00,surf,,randolph_graves,3,26,,
1141,kirstie,hodges,46,"new_york_newark_jersey_city,_ny_nj_pa_msa",2018-06-26 00:00:00+00:00,surf,,kirstie_hodges,6,26,,
1142,charlesetta,dillard,18,"new_orleans_metairie,_la_msa",2018-08-23 00:00:00+00:00,surf,,charlesetta_dillard,8,23,,
1143,lorina,stevens,69,"cincinnati,_oh_ky_in_msa",2018-10-26 00:00:00+00:00,surf,,lorina_stevens,10,26,,
1144,kaycee,peterson,65,"new_york_newark_jersey_city,_ny_nj_pa_msa",2018-04-21 00:00:00+00:00,ultimate,,kaycee_peterson,4,21,,
1145,venice,brooks,29,"san_jose_sunnyvale_santa_clara,_ca_msa",2018-04-12 00:00:00+00:00,surf,,venice_brooks,4,12,,
1146,loma,mcneil,42,"new_york_newark_jersey_city,_ny_nj_pa_msa",2018-10-13 00:00:00+00:00,surf,,loma_mcneil,10,13,,
1147,duncan,malone,71,"urban_honolulu,_hi_msa",2018-04-30 00:00:00+00:00,surf,,duncan_malone,4,30,,
1148,dwana,moore,67,"columbia,_sc_msa",2018-11-04 00:00:00+00:00,surf,,dwana_moore,11,4,,
1149,jamaal,camacho,54,"san_francisco_oakland_berkeley,_ca_msa",2018-03-03 00:00:00+00:00,surf,,jamaal_camacho,3,3,,
1150,earlie,giles,46,"houston_the_woodlands_sugar_land,_tx_msa",2018-09-19 00:00:00+00:00,ultimate,,earlie_giles,9,19,,
1151,ralph,monroe,21,"new_york_newark_jersey_city,_ny_nj_pa_msa",2018-03-20 00:00:00+00:00,surf,,ralph_monroe,3,20,,
1152,merrill,hogan,35,"orlando_kissimmee_sanford,_fl_msa",2018-11-01 00:00:00+00:00,surf,,merrill_hogan,11,1,,
1153,kathaleen,crawford,30,"bridgeport_stamford_norwalk,_ct_msa",2018-06-19 00:00:00+00:00,surf,,kathaleen_crawford,6,19,,
1154,humberto,pruitt,53,"nashville_davidson_murfreesboro_franklin,_tn_msa",2018-07-18 00:00:00+00:00,ultimate,,humberto_pruitt,7,18,,
1155,claude,hahn,19,"miami_fort_lauderdale_west_palm_beach,_fl_msa",2018-02-21 00:00:00+00:00,ultimate,,claude_hahn,2,21,,
1156,anette,chambers,71,"albuquerque,_nm_msa",2018-03-25 00:00:00+00:00,surf,,anette_chambers,3,25,,
1157,luciano,sheppard,63,"los_angeles_long_beach_anaheim,_ca_msa",2018-07-02 00:00:00+00:00,surf,,luciano_sheppard,7,2,,
1158,robin,thornton,20,"virginia_beach_norfolk_newport_news,_va_nc_msa",2018-11-30 00:00:00+00:00,ultimate,,robin_thornton,11,30,,
1159,dierdre,baker,58,"miami_fort_lauderdale_west_palm_beach,_fl_msa",2018-07-21 00:00:00+00:00,ultimate,,dierdre_baker,7,21,,
1160,steven,morgan,44,"portland_vancouver_hillsboro,_or_wa_msa",2018-02-05 00:00:00+00:00,surf,,steven_morgan,2,5,,
1161,florance,estrada,52,"new_york_newark_jersey_city,_ny_nj_pa_msa",2018-11-27 00:00:00+00:00,ultimate,,florance_estrada,11,27,,
1162,mark,farley,20,"los_angeles_long_beach_anaheim,_ca_msa",2018-07-12 00:00:00+00:00,ultimate,,mark_farley,7,12,,
1163,lanie,washington,27,"los_angeles_long_beach_anaheim,_ca_msa",2018-01-12 00:00:00+00:00,ultimate,,lanie_washington,1,12,,
1164,kam,macias,31,"chicago_naperville_elgin,_il_in_wi_msa",2018-02-17 00:00:00+00:00,ultimate,,kam_macias,2,17,,
1165,nigel,huber,20,"philadelphia_camden_wilmington,_pa_nj_de_md_msa",2018-10-27 00:00:00+00:00,surf,,nigel_huber,10,27,,
1166,kaycee,bryant,26,"baltimore_columbia_towson,_md_msa",2018-05-07 00:00:00+00:00,surf,,kaycee_bryant,5,7,,
1167,rebbecca,nicholson,47,"denver_aurora_lakewood,_co_msa",2018-04-06 00:00:00+00:00,surf,,rebbecca_nicholson,4,6,,
1168,shay,weaver,58,"milwaukee_waukesha,_wi_msa",2018-12-13 00:00:00+00:00,surf,,shay_weaver,12,13,,
1169,hai,bean,67,"new_york_newark_jersey_city,_ny_nj_pa_msa",2018-12-06 00:00:00+00:00,surf,,hai_bean,12,6,,
1170,olin,adkins,18,"pittsburgh,_pa_msa",2018-09-25 00:00:00+00:00,surf,,olin_adkins,9,25,,
1171,devin,wilkinson,56,"boston_cambridge_newton,_ma_nh_msa",2018-01-27 00:00:00+00:00,surf,,devin_wilkinson,1,27,,
1172,weldon,robinson,72,"boston_cambridge_newton,_ma_nh_msa",2018-03-30 00:00:00+00:00,surf,2018-11-29 00:00:00+00:00,weldon_robinson,3,30,11.0,29.0
1173,tristan,cain,27,"oxnard_thousand_oaks_ventura,_ca_msa",2018-09-28 00:00:00+00:00,surf,,tristan_cain,9,28,,
1174,larisa,ellis,67,"cleveland_elyria,_oh_msa",2018-01-28 00:00:00+00:00,surf,,larisa_ellis,1,28,,
1175,shiloh,stafford,25,"new_york_newark_jersey_city,_ny_nj_pa_msa",2018-09-30 00:00:00+00:00,surf,,shiloh_stafford,9,30,,
1176,terrance,shaffer,75,"new_york_newark_jersey_city,_ny_nj_pa_msa",2018-10-03 00:00:00+00:00,surf,,terrance_shaffer,10,3,,
1177,seymour,anderson,33,"seattle_tacoma_bellevue,_wa_msa",2018-11-09 00:00:00+00:00,surf,,seymour_anderson,11,9,,
1178,charlsie,reid,53,"cincinnati,_oh_ky_in_msa",2018-10-05 00:00:00+00:00,surf,,charlsie_reid,10,5,,
1179,darcey,baird,22,"dallas_fort_worth_arlington,_tx_msa",2018-04-27 00:00:00+00:00,surf,,darcey_baird,4,27,,
1180,wonda,hays,24,"new_york_newark_jersey_city,_ny_nj_pa_msa",2018-12-01 00:00:00+00:00,surf,2018-12-22 00:00:00+00:00,wonda_hays,12,1,12.0,22.0
1181,ron,kaufman,47,"new_york_newark_jersey_city,_ny_nj_pa_msa",2018-04-13 00:00:00+00:00,surf,,ron_kaufman,4,13,,
1182,jeff,burt,39,"charlotte_concord_gastonia,_nc_sc_msa",2018-05-29 00:00:00+00:00,surf,,jeff_burt,5,29,,
1183,jermaine,gallegos,71,"chicago_naperville_elgin,_il_in_wi_msa",2018-07-20 00:00:00+00:00,surf,,jermaine_gallegos,7,20,,
1184,fredric,middleton,39,"sacramento_roseville_folsom,_ca_msa",2018-03-07 00:00:00+00:00,ultimate,,fredric_middleton,3,7,,
1185,loria,freeman,47,"louisville_jefferson_county,_ky_in_msa",2018-01-14 00:00:00+00:00,ultimate,,loria_freeman,1,14,,
1186,josiah,douglas,55,"las_vegas_henderson_paradise,_nv_msa",2018-12-22 00:00:00+00:00,ultimate,2018-12-31 00:00:00+00:00,josiah_douglas,12,22,12.0,31.0
1187,tanner,goodman,49,"austin_round_rock_georgetown,_tx_msa",2018-02-20 00:00:00+00:00,surf,,tanner_goodman,2,20,,
1188,ethelene,brock,31,"richmond,_va_msa",2018-01-10 00:00:00+00:00,ultimate,,ethelene_brock,1,10,,
1189,terrence,smith,75,"columbus,_oh_msa",2018-09-24 00:00:00+00:00,surf,,terrence_smith,9,24,,
1190,troy,hutchinson,56,"virginia_beach_norfolk_newport_news,_va_nc_msa",2018-08-01 00:00:00+00:00,ultimate,,troy_hutchinson,8,1,,
1191,zack,waters,75,"st_louis,_mo_il_msa",2018-01-21 00:00:00+00:00,ultimate,2018-11-30 00:00:00+00:00,zack_waters,1,21,11.0,30.0
1192,korey,goodwin,36,"buffalo_cheektowaga,_ny_msa",2018-10-02 00:00:00+00:00,surf,,korey_goodwin,10,2,,
1193,lacresha,olsen,18,"houston_the_woodlands_sugar_land,_tx_msa",2018-07-07 00:00:00+00:00,surf,,lacresha_olsen,7,7,,
1194,robert,mclean,40,"san_jose_sunnyvale_santa_clara,_ca_msa",2018-05-31 00:00:00+00:00,surf,,robert_mclean,5,31,,
1195,roy,velez,60,"portland_vancouver_hillsboro,_or_wa_msa",2018-06-09 00:00:00+00:00,surf,,roy_velez,6,9,,
1196,noel,dawson,46,"los_angeles_long_beach_anaheim,_ca_msa",2018-01-14 00:00:00+00:00,ultimate,,noel_dawson,1,14,,
1197,lon,parker,56,"new_york_newark_jersey_city,_ny_nj_pa_msa",2018-11-05 00:00:00+00:00,surf,,lon_parker,11,5,,
1198,russ,horne,69,"new_york_newark_jersey_city,_ny_nj_pa_msa",2018-05-01 00:00:00+00:00,surf,,russ_horne,5,1,,
1199,antonetta,finley,39,"san_antonio_new_braunfels,_tx_msa",2018-08-01 00:00:00+00:00,ultimate,,antonetta_finley,8,1,,
1200,delmar,cross,45,"boston_cambridge_newton,_ma_nh_msa",2018-11-27 00:00:00+00:00,surf,,delmar_cross,11,27,,
1201,jeanelle,estrada,61,"bridgeport_stamford_norwalk,_ct_msa",2018-06-04 00:00:00+00:00,surf,,jeanelle_estrada,6,4,,
1202,osvaldo,mayer,36,"minneapolis_st_paul_bloomington,_mn_wi_msa",2018-09-30 00:00:00+00:00,ultimate,,osvaldo_mayer,9,30,,
1203,manie,grimes,50,"boston_cambridge_newton,_ma_nh_msa",2018-02-11 00:00:00+00:00,surf,,manie_grimes,2,11,,
1204,sherly,levy,44,"chicago_naperville_elgin,_il_in_wi_msa",2018-08-20 00:00:00+00:00,ultimate,,sherly_levy,8,20,,
1205,rafael,wade,43,"new_york_newark_jersey_city,_ny_nj_pa_msa",2018-04-05 00:00:00+00:00,surf,,rafael_wade,4,5,,
1206,angelic,singleton,21,"providence_warwick,_ri_ma_msa",2018-07-09 00:00:00+00:00,surf,,angelic_singleton,7,9,,
1207,samuel,porter,63,"omaha_council_bluffs,_ne_ia_msa",2018-12-22 00:00:00+00:00,surf,,samuel_porter,12,22,,
1208,enrique,ramirez,44,"san_diego_chula_vista_carlsbad,_ca_msa",2018-07-17 00:00:00+00:00,surf,,enrique_ramirez,7,17,,
1209,garret,paul,63,"los_angeles_long_beach_anaheim,_ca_msa",2018-08-28 00:00:00+00:00,surf,,garret_paul,8,28,,
1210,shanae,carrillo,30,"oklahoma_city,_ok_msa",2018-06-01 00:00:00+00:00,surf,,shanae_carrillo,6,1,,
1211,vito,cameron,60,"new_york_newark_jersey_city,_ny_nj_pa_msa",2018-06-30 00:00:00+00:00,ultimate,,vito_cameron,6,30,,
1212,alfredo,pruitt,36,"austin_round_rock_georgetown,_tx_msa",2018-07-27 00:00:00+00:00,surf,,alfredo_pruitt,7,27,,
1213,carl,newman,47,"san_diego_chula_vista_carlsbad,_ca_msa",2018-11-25 00:00:00+00:00,ultimate,,carl_newman,11,25,,
1214,emil,robles,34,"san_francisco_oakland_berkeley,_ca_msa",2018-01-01 00:00:00+00:00,ultimate,,emil_robles,1,1,,
1215,adelle,knapp,70,"new_york_newark_jersey_city,_ny_nj_pa_msa",2018-07-01 00:00:00+00:00,surf,,adelle_knapp,7,1,,
1216,reita,atkins,29,"san_francisco_oakland_berkeley,_ca_msa",2018-06-19 00:00:00+00:00,surf,,reita_atkins,6,19,,
1217,ned,thomas,69,"dayton_kettering,_oh_msa",2018-06-04 00:00:00+00:00,surf,,ned_thomas,6,4,,
1218,stanford,pena,23,"bakersfield,_ca_msa",2018-01-16 00:00:00+00:00,surf,,stanford_pena,1,16,,
1219,gavin,keller,51,"detroit_warren_dearborn,_mi_msa",2018-05-14 00:00:00+00:00,surf,,gavin_keller,5,14,,
1220,jack,strong,26,"cincinnati,_oh_ky_in_msa",2018-04-22 00:00:00+00:00,surf,2018-10-13 00:00:00+00:00,jack_strong,4,22,10.0,13.0
1221,mckenzie,wilkinson,18,"boston_cambridge_newton,_ma_nh_msa",2018-12-17 00:00:00+00:00,surf,,mckenzie_wilkinson,12,17,,
1222,cleo,anderson,18,"los_angeles_long_beach_anaheim,_ca_msa",2018-06-27 00:00:00+00:00,surf,,cleo_anderson,6,27,,
1223,patience,wilson,37,"phoenix_mesa_chandler,_az_msa",2018-07-05 00:00:00+00:00,surf,,patience_wilson,7,5,,
1224,kelly,cole,74,"atlanta_sandy_springs_roswell,_ga_msa",2018-06-28 00:00:00+00:00,ultimate,,kelly_cole,6,28,,
1225,margarito,barker,41,"columbia,_sc_msa",2018-06-07 00:00:00+00:00,surf,,margarito_barker,6,7,,
1226,denver,harrell,64,"riverside_san_bernardino_ontario,_ca_msa",2018-03-15 00:00:00+00:00,ultimate,,denver_harrell,3,15,,
1227,vanesa,willis,29,"dallas_fort_worth_arlington,_tx_msa",2018-01-17 00:00:00+00:00,surf,,vanesa_willis,1,17,,
1228,jude,hale,26,"detroit_warren_dearborn,_mi_msa",2018-04-15 00:00:00+00:00,surf,,jude_hale,4,15,,
1229,augustus,barker,69,"austin_round_rock_georgetown,_tx_msa",2018-12-09 00:00:00+00:00,ultimate,,augustus_barker,12,9,,
1230,andre,estes,38,"new_york_newark_jersey_city,_ny_nj_pa_msa",2018-02-27 00:00:00+00:00,ultimate,,andre_estes,2,27,,
1231,gaylord,witt,57,"san_jose_sunnyvale_santa_clara,_ca_msa",2018-01-19 00:00:00+00:00,ultimate,,gaylord_witt,1,19,,
1232,elidia,russell,64,"chicago_naperville_elgin,_il_in_wi_msa",2018-04-07 00:00:00+00:00,surf,,elidia_russell,4,7,,
1233,janee,perkins,33,"atlanta_sandy_springs_roswell,_ga_msa",2018-09-11 00:00:00+00:00,surf,,janee_perkins,9,11,,
1234,matt,taylor,19,"seattle_tacoma_bellevue,_wa_msa",2018-09-12 00:00:00+00:00,ultimate,,matt_taylor,9,12,,
1235,felton,nguyen,50,"minneapolis_st_paul_bloomington,_mn_wi_msa",2018-02-20 00:00:00+00:00,surf,,felton_nguyen,2,20,,
1236,odell,juarez,74,"minneapolis_st_paul_bloomington,_mn_wi_msa",2018-04-04 00:00:00+00:00,ultimate,,odell_juarez,4,4,,
1237,leighann,wheeler,50,"new_york_newark_jersey_city,_ny_nj_pa_msa",2018-08-26 00:00:00+00:00,ultimate,,leighann_wheeler,8,26,,
1238,jackeline,byrd,42,"dallas_fort_worth_arlington,_tx_msa",2018-06-16 00:00:00+00:00,surf,,jackeline_byrd,6,16,,
1239,quentin,hancock,24,"fresno,_ca_msa",2018-08-11 00:00:00+00:00,surf,,quentin_hancock,8,11,,
1240,drema,lopez,61,"baton_rouge,_la_msa",2018-03-18 00:00:00+00:00,surf,,drema_lopez,3,18,,
1241,lala,walls,24,"richmond,_va_msa",2018-08-27 00:00:00+00:00,surf,,lala_walls,8,27,,
1242,lashunda,johns,37,"san_antonio_new_braunfels,_tx_msa",2018-06-02 00:00:00+00:00,surf,,lashunda_johns,6,2,,
1243,isaias,compton,71,"phoenix_mesa_chandler,_az_msa",2018-05-11 00:00:00+00:00,surf,,isaias_compton,5,11,,
1244,demarcus,ellis,75,"birmingham_hoover,_al_msa",2018-02-05 00:00:00+00:00,surf,,demarcus_ellis,2,5,,
1245,quinn,david,30,"new_york_newark_jersey_city,_ny_nj_pa_msa",2018-06-19 00:00:00+00:00,surf,,quinn_david,6,19,,
1246,stevie,moran,69,"tampa_st_petersburg_clearwater,_fl_msa",2018-01-09 00:00:00+00:00,ultimate,2018-07-31 00:00:00+00:00,stevie_moran,1,9,7.0,31.0
1247,marion,singleton,75,"los_angeles_long_beach_anaheim,_ca_msa",2018-04-12 00:00:00+00:00,ultimate,,marion_singleton,4,12,,
1248,leigha,dawson,35,"nashville_davidson_murfreesboro_franklin,_tn_msa",2018-11-01 00:00:00+00:00,surf,,leigha_dawson,11,1,,
1249,kelly,goodman,41,"cincinnati,_oh_ky_in_msa",2018-05-14 00:00:00+00:00,ultimate,,kelly_goodman,5,14,,
1250,milan,sellers,57,"houston_the_woodlands_sugar_land,_tx_msa",2018-04-03 00:00:00+00:00,ultimate,,milan_sellers,4,3,,
1251,tifany,mcgee,45,"new_york_newark_jersey_city,_ny_nj_pa_msa",2018-01-01 00:00:00+00:00,surf,,tifany_mcgee,1,1,,
1252,mitsue,york,27,"detroit_warren_dearborn,_mi_msa",2018-06-10 00:00:00+00:00,surf,,mitsue_york,6,10,,
1253,sumiko,dudley,28,"cleveland_elyria,_oh_msa",2018-08-18 00:00:00+00:00,ultimate,,sumiko_dudley,8,18,,
1254,billy,webb,49,"detroit_warren_dearborn,_mi_msa",2018-08-03 00:00:00+00:00,surf,,billy_webb,8,3,,
1255,kennith,rowland,22,"oklahoma_city,_ok_msa",2018-08-01 00:00:00+00:00,ultimate,,kennith_rowland,8,1,,
1256,johnny,wise,53,"chicago_naperville_elgin,_il_in_wi_msa",2018-09-11 00:00:00+00:00,surf,,johnny_wise,9,11,,
1257,gabriel,o_donnell,61,"new_york_newark_jersey_city,_ny_nj_pa_msa",2018-01-29 00:00:00+00:00,surf,,gabriel_o_donnell,1,29,,
1258,kai,russell,39,"chicago_naperville_elgin,_il_in_wi_msa",2018-07-12 00:00:00+00:00,surf,,kai_russell,7,12,,
1259,etsuko,perry,63,"philadelphia_camden_wilmington,_pa_nj_de_md_msa",2018-03-16 00:00:00+00:00,surf,,etsuko_perry,3,16,,
1260,alia,aguilar,36,"los_angeles_long_beach_anaheim,_ca_msa",2018-12-02 00:00:00+00:00,surf,,alia_aguilar,12,2,,
1261,dusti,forbes,31,"kansas_city,_mo_ks_msa",2018-02-22 00:00:00+00:00,surf,,dusti_forbes,2,22,,
1262,michelina,hamilton,34,"dallas_fort_worth_arlington,_tx_msa",2018-02-09 00:00:00+00:00,surf,,michelina_hamilton,2,9,,
1263,lucio,duffy,39,"boston_cambridge_newton,_ma_nh_msa",2018-03-06 00:00:00+00:00,surf,,lucio_duffy,3,6,,
1264,jessie,hill,69,"los_angeles_long_beach_anaheim,_ca_msa",2018-05-03 00:00:00+00:00,ultimate,,jessie_hill,5,3,,
1265,alec,henry,29,"washington_arlington_alexandria,_dc_va_md_wv_msa",2018-11-23 00:00:00+00:00,surf,,alec_henry,11,23,,
1266,dorie,chandler,62,"new_york_newark_jersey_city,_ny_nj_pa_msa",2018-12-13 00:00:00+00:00,surf,,dorie_chandler,12,13,,
1267,gia,parker,53,"st_louis,_mo_il_msa",2018-03-12 00:00:00+00:00,surf,,gia_parker,3,12,,
1268,britni,bowers,33,"fresno,_ca_msa",2018-01-13 00:00:00+00:00,surf,,britni_bowers,1,13,,
1269,irving,thompson,39,"dallas_fort_worth_arlington,_tx_msa",2018-09-13 00:00:00+00:00,ultimate,2018-12-15 00:00:00+00:00,irving_thompson,9,13,12.0,15.0
1270,anjelica,chan,70,"philadelphia_camden_wilmington,_pa_nj_de_md_msa",2018-09-18 00:00:00+00:00,ultimate,,anjelica_chan,9,18,,
1271,darrin,rose,48,"new_york_newark_jersey_city,_ny_nj_pa_msa",2018-06-24 00:00:00+00:00,surf,,darrin_rose,6,24,,
1272,ernest,mercado,23,"minneapolis_st_paul_bloomington,_mn_wi_msa",2018-08-04 00:00:00+00:00,surf,,ernest_mercado,8,4,,
1273,hermila,ryan,25,"baton_rouge,_la_msa",2018-10-13 00:00:00+00:00,ultimate,,hermila_ryan,10,13,,
1274,dudley,massey,53,"philadelphia_camden_wilmington,_pa_nj_de_md_msa",2018-06-10 00:00:00+00:00,ultimate,,dudley_massey,6,10,,
1275,elvie,velazquez,33,"new_york_newark_jersey_city,_ny_nj_pa_msa",2018-11-29 00:00:00+00:00,ultimate,,elvie_velazquez,11,29,,
1276,karmen,carney,20,"phoenix_mesa_chandler,_az_msa",2018-02-14 00:00:00+00:00,surf,,karmen_carney,2,14,,
1277,andrew,faulkner,25,"new_york_newark_jersey_city,_ny_nj_pa_msa",2018-02-02 00:00:00+00:00,surf,,andrew_faulkner,2,2,,
1278,masako,montgomery,39,"dayton_kettering,_oh_msa",2018-11-03 00:00:00+00:00,surf,,masako_montgomery,11,3,,
1279,neal,duke,27,"baton_rouge,_la_msa",2018-02-05 00:00:00+00:00,ultimate,,neal_duke,2,5,,
1280,jasper,berry,29,"new_york_newark_jersey_city,_ny_nj_pa_msa",2018-06-23 00:00:00+00:00,surf,,jasper_berry,6,23,,
1281,zack,hardy,39,"charlotte_concord_gastonia,_nc_sc_msa",2018-07-23 00:00:00+00:00,surf,2018-11-14 00:00:00+00:00,zack_hardy,7,23,11.0,14.0
1282,annice,calhoun,61,"san_francisco_oakland_berkeley,_ca_msa",2018-11-01 00:00:00+00:00,ultimate,,annice_calhoun,11,1,,
1283,alan,burgess,38,"charleston_north_charleston,_sc_msa",2018-06-16 00:00:00+00:00,ultimate,,alan_burgess,6,16,,
1284,yuri,odom,51,"dayton_kettering,_oh_msa",2018-09-07 00:00:00+00:00,surf,,yuri_odom,9,7,,
1285,joesph,barry,28,"los_angeles_long_beach_anaheim,_ca_msa",2018-08-03 00:00:00+00:00,surf,,joesph_barry,8,3,,
1286,casie,castaneda,52,"new_haven_milford,_ct_msa",2018-12-07 00:00:00+00:00,surf,,casie_castaneda,12,7,,
1287,heide,gill,74,"sacramento_roseville_folsom,_ca_msa",2018-03-15 00:00:00+00:00,surf,,heide_gill,3,15,,
1288,jenette,rush,60,"las_vegas_henderson_paradise,_nv_msa",2018-07-18 00:00:00+00:00,surf,,jenette_rush,7,18,,
1289,steve,blair,47,"detroit_warren_dearborn,_mi_msa",2018-11-12 00:00:00+00:00,ultimate,,steve_blair,11,12,,
1290,thaddeus,compton,33,"new_york_newark_jersey_city,_ny_nj_pa_msa",2018-09-14 00:00:00+00:00,surf,,thaddeus_compton,9,14,,
1291,angeles,mejia,65,"indianapolis_carmel_anderson,_in_msa",2018-01-29 00:00:00+00:00,surf,,angeles_mejia,1,29,,
1292,cassey,french,42,"dallas_fort_worth_arlington,_tx_msa",2018-01-27 00:00:00+00:00,surf,,cassey_french,1,27,,
1293,lanny,nolan,23,"philadelphia_camden_wilmington,_pa_nj_de_md_msa",2018-08-13 00:00:00+00:00,surf,,lanny_nolan,8,13,,
1294,demetrius,russo,67,"new_york_newark_jersey_city,_ny_nj_pa_msa",2018-04-19 00:00:00+00:00,surf,,demetrius_russo,4,19,,
1295,hung,flowers,68,"kansas_city,_mo_ks_msa",2018-08-11 00:00:00+00:00,surf,,hung_flowers,8,11,,
1296,weston,conley,36,"miami_fort_lauderdale_west_palm_beach,_fl_msa",2018-10-20 00:00:00+00:00,ultimate,2018-12-18 00:00:00+00:00,weston_conley,10,20,12.0,18.0
1297,nicky,tucker,51,"los_angeles_long_beach_anaheim,_ca_msa",2018-08-25 00:00:00+00:00,surf,,nicky_tucker,8,25,,
1298,loyce,cooley,53,"nashville_davidson_murfreesboro_franklin,_tn_msa",2018-09-21 00:00:00+00:00,surf,2018-12-19 00:00:00+00:00,loyce_cooley,9,21,12.0,19.0
1299,keitha,harrison,64,"new_york_newark_jersey_city,_ny_nj_pa_msa",2018-01-19 00:00:00+00:00,surf,,keitha_harrison,1,19,,
1300,rene,frost,23,"new_york_newark_jersey_city,_ny_nj_pa_msa",2018-10-21 00:00:00+00:00,surf,2018-12-19 00:00:00+00:00,rene_frost,10,21,12.0,19.0
1301,tomas,horton,64,"chicago_naperville_elgin,_il_in_wi_msa",2018-01-04 00:00:00+00:00,ultimate,,tomas_horton,1,4,,
1302,leonila,morris,62,"rochester,_ny_msa",2018-01-21 00:00:00+00:00,surf,,leonila_morris,1,21,,
1303,rosamaria,reeves,67,"detroit_warren_dearborn,_mi_msa",2018-10-25 00:00:00+00:00,ultimate,,rosamaria_reeves,10,25,,
1304,dominque,cole,69,"birmingham_hoover,_al_msa",2018-10-28 00:00:00+00:00,ultimate,,dominque_cole,10,28,,
1305,gwenn,gross,18,"los_angeles_long_beach_anaheim,_ca_msa",2018-05-08 00:00:00+00:00,surf,,gwenn_gross,5,8,,
1306,darron,craig,19,"washington_arlington_alexandria,_dc_va_md_wv_msa",2018-11-26 00:00:00+00:00,surf,,darron_craig,11,26,,
1307,kristopher,lang,28,"boston_cambridge_newton,_ma_nh_msa",2018-12-31 00:00:00+00:00,surf,,kristopher_lang,12,31,,
1308,samara,monroe,46,"virginia_beach_norfolk_newport_news,_va_nc_msa",2018-11-22 00:00:00+00:00,surf,,samara_monroe,11,22,,
1309,winfred,zimmerman,19,"san_diego_chula_vista_carlsbad,_ca_msa",2018-07-04 00:00:00+00:00,surf,,winfred_zimmerman,7,4,,
1310,vincent,fry,73,"portland_vancouver_hillsboro,_or_wa_msa",2018-11-29 00:00:00+00:00,surf,,vincent_fry,11,29,,
1311,cherlyn,saunders,69,"memphis,_tn_ms_ar_msa",2018-06-27 00:00:00+00:00,ultimate,,cherlyn_saunders,6,27,,
1312,kory,emerson,42,"fresno,_ca_msa",2018-01-26 00:00:00+00:00,surf,,kory_emerson,1,26,,
1313,antoine,baker,49,"san_francisco_oakland_berkeley,_ca_msa",2018-05-24 00:00:00+00:00,surf,,antoine_baker,5,24,,
1314,brice,morgan,35,"los_angeles_long_beach_anaheim,_ca_msa",2018-03-06 00:00:00+00:00,ultimate,,brice_morgan,3,6,,
1315,mora,schroeder,45,"raleigh_cary,_nc_msa",2018-04-26 00:00:00+00:00,surf,2018-10-03 00:00:00+00:00,mora_schroeder,4,26,10.0,3.0
1316,lucilla,weeks,59,"tulsa,_ok_msa",2018-05-21 00:00:00+00:00,surf,,lucilla_weeks,5,21,,
1317,ruthanne,heath,70,"phoenix_mesa_chandler,_az_msa",2018-11-11 00:00:00+00:00,ultimate,,ruthanne_heath,11,11,,
1318,huey,walsh,54,"atlanta_sandy_springs_roswell,_ga_msa",2018-09-29 00:00:00+00:00,surf,,huey_walsh,9,29,,
1319,eliseo,carson,21,"colorado_springs,_co_msa",2018-06-17 00:00:00+00:00,surf,,eliseo_carson,6,17,,
1320,bert,wells,23,"los_angeles_long_beach_anaheim,_ca_msa",2018-02-23 00:00:00+00:00,surf,,bert_wells,2,23,,
1321,karlyn,jimenez,19,"north_port_sarasota_bradenton,_fl_msa",2018-05-31 00:00:00+00:00,surf,,karlyn_jimenez,5,31,,
1322,tyler,sweeney,22,"fresno,_ca_msa",2018-06-18 00:00:00+00:00,surf,,tyler_sweeney,6,18,,
1323,pamelia,atkins,42,"baltimore_columbia_towson,_md_msa",2018-12-30 00:00:00+00:00,surf,,pamelia_atkins,12,30,,
1324,romana,moore,18,"minneapolis_st_paul_bloomington,_mn_wi_msa",2018-04-04 00:00:00+00:00,surf,,romana_moore,4,4,,
1325,cleora,lyons,43,"dallas_fort_worth_arlington,_tx_msa",2018-06-26 00:00:00+00:00,surf,,cleora_lyons,6,26,,
1326,johnathon,branch,21,"greensboro_high_point,_nc_msa",2018-02-06 00:00:00+00:00,surf,,johnathon_branch,2,6,,
1327,natosha,peck,20,"new_york_newark_jersey_city,_ny_nj_pa_msa",2018-02-17 00:00:00+00:00,surf,,natosha_peck,2,17,,
1328,tamesha,huber,20,"minneapolis_st_paul_bloomington,_mn_wi_msa",2018-02-10 00:00:00+00:00,surf,,tamesha_huber,2,10,,
1329,doyle,nunez,65,"charleston_north_charleston,_sc_msa",2018-08-25 00:00:00+00:00,ultimate,,doyle_nunez,8,25,,
1330,tobi,kinney,48,"las_vegas_henderson_paradise,_nv_msa",2018-11-06 00:00:00+00:00,ultimate,,tobi_kinney,11,6,,
1331,lashandra,ramos,54,"dallas_fort_worth_arlington,_tx_msa",2018-02-06 00:00:00+00:00,surf,,lashandra_ramos,2,6,,
1332,lucas,saunders,37,"atlanta_sandy_springs_roswell,_ga_msa",2018-03-12 00:00:00+00:00,surf,,lucas_saunders,3,12,,
1333,macy,david,57,"los_angeles_long_beach_anaheim,_ca_msa",2018-11-24 00:00:00+00:00,ultimate,,macy_david,11,24,,
1334,donovan,horton,34,"seattle_tacoma_bellevue,_wa_msa",2018-03-08 00:00:00+00:00,surf,,donovan_horton,3,8,,
1335,gail,coleman,61,"dallas_fort_worth_arlington,_tx_msa",2018-06-02 00:00:00+00:00,surf,,gail_coleman,6,2,,
1336,vance,bradshaw,34,"portland_vancouver_hillsboro,_or_wa_msa",2018-04-04 00:00:00+00:00,surf,,vance_bradshaw,4,4,,
1337,lucius,arnold,31,"riverside_san_bernardino_ontario,_ca_msa",2018-03-11 00:00:00+00:00,surf,,lucius_arnold,3,11,,
1338,janise,bowman,21,"minneapolis_st_paul_bloomington,_mn_wi_msa",2018-08-09 00:00:00+00:00,surf,,janise_bowman,8,9,,
1339,mariette,mclean,27,"charlotte_concord_gastonia,_nc_sc_msa",2018-03-03 00:00:00+00:00,surf,,mariette_mclean,3,3,,
1340,vanna,stanton,65,"dallas_fort_worth_arlington,_tx_msa",2018-07-05 00:00:00+00:00,surf,,vanna_stanton,7,5,,
1341,kaila,andrews,28,"chicago_naperville_elgin,_il_in_wi_msa",2018-06-17 00:00:00+00:00,surf,,kaila_andrews,6,17,,
1342,eugene,patton,65,"indianapolis_carmel_anderson,_in_msa",2018-10-21 00:00:00+00:00,surf,,eugene_patton,10,21,,
1343,teresia,ewing,43,"miami_fort_lauderdale_west_palm_beach,_fl_msa",2018-08-23 00:00:00+00:00,surf,,teresia_ewing,8,23,,
1344,hugo,daugherty,70,"new_york_newark_jersey_city,_ny_nj_pa_msa",2018-12-25 00:00:00+00:00,surf,,hugo_daugherty,12,25,,
1345,pasquale,caldwell,26,"los_angeles_long_beach_anaheim,_ca_msa",2018-07-12 00:00:00+00:00,surf,,pasquale_caldwell,7,12,,
1346,emmie,gonzalez,59,"tucson,_az_msa",2018-04-26 00:00:00+00:00,ultimate,,emmie_gonzalez,4,26,,
1347,trey,lynch,65,"charleston_north_charleston,_sc_msa",2018-06-17 00:00:00+00:00,ultimate,,trey_lynch,6,17,,
1348,carl,rutledge,60,"detroit_warren_dearborn,_mi_msa",2018-10-05 00:00:00+00:00,surf,,carl_rutledge,10,5,,
1349,florentina,diaz,69,"boston_cambridge_newton,_ma_nh_msa",2018-10-01 00:00:00+00:00,surf,,florentina_diaz,10,1,,
1350,al,rasmussen,29,"atlanta_sandy_springs_roswell,_ga_msa",2018-03-09 00:00:00+00:00,surf,,al_rasmussen,3,9,,
1351,kyle,grimes,47,"san_antonio_new_braunfels,_tx_msa",2018-09-05 00:00:00+00:00,ultimate,,kyle_grimes,9,5,,
1352,gavin,galloway,48,"seattle_tacoma_bellevue,_wa_msa",2018-09-08 00:00:00+00:00,ultimate,,gavin_galloway,9,8,,
1353,emerson,whitfield,56,"north_port_sarasota_bradenton,_fl_msa",2018-03-27 00:00:00+00:00,surf,,emerson_whitfield,3,27,,
1354,leonel,dyer,41,"new_york_newark_jersey_city,_ny_nj_pa_msa",2018-08-24 00:00:00+00:00,ultimate,,leonel_dyer,8,24,,
1355,digna,tyson,57,"los_angeles_long_beach_anaheim,_ca_msa",2018-10-07 00:00:00+00:00,surf,,digna_tyson,10,7,,
1356,hae,ryan,46,"milwaukee_waukesha,_wi_msa",2018-05-16 00:00:00+00:00,surf,,hae_ryan,5,16,,
1357,ria,beach,61,"baton_rouge,_la_msa",2018-05-30 00:00:00+00:00,surf,,ria_beach,5,30,,
1358,vaughn,maldonado,20,"new_york_newark_jersey_city,_ny_nj_pa_msa",2018-04-26 00:00:00+00:00,surf,2018-10-22 00:00:00+00:00,vaughn_maldonado,4,26,10.0,22.0
1359,sherley,norris,33,"colorado_springs,_co_msa",2018-02-08 00:00:00+00:00,surf,,sherley_norris,2,8,,
1360,arturo,mullins,75,"charlotte_concord_gastonia,_nc_sc_msa",2018-09-20 00:00:00+00:00,surf,,arturo_mullins,9,20,,
1361,jacelyn,hoffman,45,"birmingham_hoover,_al_msa",2018-04-14 00:00:00+00:00,surf,,jacelyn_hoffman,4,14,,
1362,kenyetta,mcknight,65,"denver_aurora_lakewood,_co_msa",2018-01-18 00:00:00+00:00,surf,,kenyetta_mcknight,1,18,,
1363,sandee,lott,33,"seattle_tacoma_bellevue,_wa_msa",2018-01-05 00:00:00+00:00,ultimate,2018-08-16 00:00:00+00:00,sandee_lott,1,5,8.0,16.0
1364,clarine,bonner,75,"san_diego_chula_vista_carlsbad,_ca_msa",2018-08-09 00:00:00+00:00,surf,,clarine_bonner,8,9,,
1365,milford,rush,19,"grand_rapids_kentwood,_mi_msa",2018-02-09 00:00:00+00:00,surf,,milford_rush,2,9,,
1366,rod,huff,62,"cincinnati,_oh_ky_in_msa",2018-07-30 00:00:00+00:00,surf,,rod_huff,7,30,,
1367,minh,fischer,18,"baltimore_columbia_towson,_md_msa",2018-07-23 00:00:00+00:00,surf,,minh_fischer,7,23,,
1368,enola,ray,60,"pittsburgh,_pa_msa",2018-05-20 00:00:00+00:00,ultimate,,enola_ray,5,20,,
1369,bernard,mckee,69,"milwaukee_waukesha,_wi_msa",2018-10-06 00:00:00+00:00,surf,,bernard_mckee,10,6,,
1370,nenita,vasquez,49,"san_diego_chula_vista_carlsbad,_ca_msa",2018-09-12 00:00:00+00:00,ultimate,,nenita_vasquez,9,12,,
1371,roderick,slater,27,"portland_vancouver_hillsboro,_or_wa_msa",2018-10-27 00:00:00+00:00,surf,,roderick_slater,10,27,,
1372,patria,kim,26,"new_york_newark_jersey_city,_ny_nj_pa_msa",2018-10-08 00:00:00+00:00,surf,,patria_kim,10,8,,
1373,lindsey,dickerson,21,"minneapolis_st_paul_bloomington,_mn_wi_msa",2018-08-30 00:00:00+00:00,ultimate,,lindsey_dickerson,8,30,,
1374,ching,watts,55,"louisville_jefferson_county,_ky_in_msa",2018-02-14 00:00:00+00:00,surf,,ching_watts,2,14,,
1375,andy,holden,69,"philadelphia_camden_wilmington,_pa_nj_de_md_msa",2018-12-01 00:00:00+00:00,surf,,andy_holden,12,1,,
1376,mika,williams,58,"columbia,_sc_msa",2018-04-16 00:00:00+00:00,ultimate,,mika_williams,4,16,,
1377,vallie,conway,18,"rochester,_ny_msa",2018-03-27 00:00:00+00:00,surf,,vallie_conway,3,27,,
1378,mckinley,clayton,22,"denver_aurora_lakewood,_co_msa",2018-12-17 00:00:00+00:00,surf,,mckinley_clayton,12,17,,
1379,jarrett,spencer,34,"grand_rapids_kentwood,_mi_msa",2018-10-18 00:00:00+00:00,surf,,jarrett_spencer,10,18,,
1380,lajuana,kelley,35,"san_jose_sunnyvale_santa_clara,_ca_msa",2018-09-04 00:00:00+00:00,ultimate,,lajuana_kelley,9,4,,
1381,german,burris,44,"austin_round_rock_georgetown,_tx_msa",2018-08-30 00:00:00+00:00,surf,,german_burris,8,30,,
1382,luci,kidd,49,"san_diego_chula_vista_carlsbad,_ca_msa",2018-06-22 00:00:00+00:00,ultimate,,luci_kidd,6,22,,
1383,margarito,mccoy,52,"tampa_st_petersburg_clearwater,_fl_msa",2018-10-10 00:00:00+00:00,ultimate,,margarito_mccoy,10,10,,
1384,dominique,good,36,"philadelphia_camden_wilmington,_pa_nj_de_md_msa",2018-06-09 00:00:00+00:00,ultimate,,dominique_good,6,9,,
1385,nohemi,erickson,52,"new_york_newark_jersey_city,_ny_nj_pa_msa",2018-01-19 00:00:00+00:00,surf,,nohemi_erickson,1,19,,
1386,jeni,gilbert,30,"seattle_tacoma_bellevue,_wa_msa",2018-04-11 00:00:00+00:00,surf,,jeni_gilbert,4,11,,
1387,raymonde,lowe,28,"bridgeport_stamford_norwalk,_ct_msa",2018-05-25 00:00:00+00:00,surf,,raymonde_lowe,5,25,,
1388,thu,noel,75,"new_york_newark_jersey_city,_ny_nj_pa_msa",2018-03-28 00:00:00+00:00,ultimate,,thu_noel,3,28,,
1389,earleen,glass,18,"miami_fort_lauderdale_west_palm_beach,_fl_msa",2018-05-06 00:00:00+00:00,ultimate,,earleen_glass,5,6,,
1390,deloras,strickland,61,"chicago_naperville_elgin,_il_in_wi_msa",2018-03-11 00:00:00+00:00,ultimate,,deloras_strickland,3,11,,
1391,errol,cooke,52,"new_york_newark_jersey_city,_ny_nj_pa_msa",2018-09-11 00:00:00+00:00,ultimate,,errol_cooke,9,11,,
1392,gale,mcfadden,34,"seattle_tacoma_bellevue,_wa_msa",2018-05-24 00:00:00+00:00,surf,,gale_mcfadden,5,24,,
1393,wilfredo,rosa,44,"knoxville,_tn_msa",2018-10-29 00:00:00+00:00,surf,,wilfredo_rosa,10,29,,
1394,alejandro,carver,28,"stockton,_ca_msa",2018-01-16 00:00:00+00:00,surf,,alejandro_carver,1,16,,
1395,leonard,wooten,24,"new_york_newark_jersey_city,_ny_nj_pa_msa",2018-06-19 00:00:00+00:00,ultimate,,leonard_wooten,6,19,,
1396,ardelia,benton,65,"salt_lake_city,_ut_msa",2018-06-01 00:00:00+00:00,surf,,ardelia_benton,6,1,,
1397,willow,steele,70,"oklahoma_city,_ok_msa",2018-06-01 00:00:00+00:00,surf,,willow_steele,6,1,,
1398,german,thompson,30,"denver_aurora_lakewood,_co_msa",2018-10-22 00:00:00+00:00,surf,,german_thompson,10,22,,
1399,leonila,baird,24,"san_antonio_new_braunfels,_tx_msa",2018-06-06 00:00:00+00:00,surf,,leonila_baird,6,6,,
1400,kenton,hickman,72,"riverside_san_bernardino_ontario,_ca_msa",2018-03-08 00:00:00+00:00,surf,,kenton_hickman,3,8,,
1401,charmain,bryant,67,"richmond,_va_msa",2018-08-24 00:00:00+00:00,ultimate,,charmain_bryant,8,24,,
1402,jesus,berry,25,"new_york_newark_jersey_city,_ny_nj_pa_msa",2018-06-11 00:00:00+00:00,surf,2018-12-26 00:00:00+00:00,jesus_berry,6,11,12.0,26.0
1403,jae,gardner,27,"washington_arlington_alexandria,_dc_va_md_wv_msa",2018-02-06 00:00:00+00:00,ultimate,,jae_gardner,2,6,,
1404,paulita,conley,33,"new_york_newark_jersey_city,_ny_nj_pa_msa",2018-04-16 00:00:00+00:00,surf,,paulita_conley,4,16,,
1405,shella,hunter,34,"indianapolis_carmel_anderson,_in_msa",2018-06-22 00:00:00+00:00,ultimate,,shella_hunter,6,22,,
1406,noble,jefferson,54,"san_diego_chula_vista_carlsbad,_ca_msa",2018-03-04 00:00:00+00:00,surf,,noble_jefferson,3,4,,
1407,tristan,daugherty,27,"new_york_newark_jersey_city,_ny_nj_pa_msa",2018-11-29 00:00:00+00:00,ultimate,,tristan_daugherty,11,29,,
1408,alaine,robertson,40,"baltimore_columbia_towson,_md_msa",2018-01-11 00:00:00+00:00,surf,,alaine_robertson,1,11,,
1409,elvis,vargas,38,"charlotte_concord_gastonia,_nc_sc_msa",2018-10-04 00:00:00+00:00,ultimate,,elvis_vargas,10,4,,
1410,wendell,lloyd,46,"los_angeles_long_beach_anaheim,_ca_msa",2018-10-06 00:00:00+00:00,surf,,wendell_lloyd,10,6,,
1411,man,fleming,64,"rochester,_ny_msa",2018-08-10 00:00:00+00:00,surf,,man_fleming,8,10,,
1412,cortez,reese,61,"detroit_warren_dearborn,_mi_msa",2018-04-08 00:00:00+00:00,ultimate,,cortez_reese,4,8,,
1413,andre,hensley,38,"bakersfield,_ca_msa",2018-07-12 00:00:00+00:00,surf,,andre_hensley,7,12,,
1414,georgianne,herring,30,"urban_honolulu,_hi_msa",2018-03-03 00:00:00+00:00,surf,2018-09-01 00:00:00+00:00,georgianne_herring,3,3,9.0,1.0
1415,rosette,mendez,56,"boston_cambridge_newton,_ma_nh_msa",2018-02-27 00:00:00+00:00,surf,,rosette_mendez,2,27,,
1416,deja,moss,25,"minneapolis_st_paul_bloomington,_mn_wi_msa",2018-10-03 00:00:00+00:00,surf,2018-11-21 00:00:00+00:00,deja_moss,10,3,11.0,21.0
1417,jorge,madden,51,"minneapolis_st_paul_bloomington,_mn_wi_msa",2018-06-22 00:00:00+00:00,ultimate,,jorge_madden,6,22,,
1418,hal,barnes,40,"new_york_newark_jersey_city,_ny_nj_pa_msa",2018-01-19 00:00:00+00:00,surf,,hal_barnes,1,19,,
1419,bryon,gordon,45,"phoenix_mesa_chandler,_az_msa",2018-03-29 00:00:00+00:00,surf,,bryon_gordon,3,29,,
1420,season,hardy,27,"san_francisco_oakland_berkeley,_ca_msa",2018-02-22 00:00:00+00:00,ultimate,,season_hardy,2,22,,
1421,zane,hobbs,26,"phoenix_mesa_chandler,_az_msa",2018-05-18 00:00:00+00:00,surf,,zane_hobbs,5,18,,
1422,georgianne,huff,41,"los_angeles_long_beach_anaheim,_ca_msa",2018-04-03 00:00:00+00:00,ultimate,,georgianne_huff,4,3,,
1423,malcom,neal,61,"philadelphia_camden_wilmington,_pa_nj_de_md_msa",2018-10-16 00:00:00+00:00,surf,,malcom_neal,10,16,,
1424,kasandra,keith,51,"virginia_beach_norfolk_newport_news,_va_nc_msa",2018-07-24 00:00:00+00:00,ultimate,,kasandra_keith,7,24,,
1425,latrisha,larsen,19,"las_vegas_henderson_paradise,_nv_msa",2018-09-20 00:00:00+00:00,surf,,latrisha_larsen,9,20,,
1426,lamont,conner,44,"san_francisco_oakland_berkeley,_ca_msa",2018-07-09 00:00:00+00:00,ultimate,,lamont_conner,7,9,,
1427,zofia,brock,64,"washington_arlington_alexandria,_dc_va_md_wv_msa",2018-01-26 00:00:00+00:00,ultimate,,zofia_brock,1,26,,
1428,asuncion,conrad,66,"phoenix_mesa_chandler,_az_msa",2018-10-23 00:00:00+00:00,surf,,asuncion_conrad,10,23,,
1429,arianna,rowe,36,"new_york_newark_jersey_city,_ny_nj_pa_msa",2018-12-22 00:00:00+00:00,surf,,arianna_rowe,12,22,,
1430,myung,pugh,63,"new_york_newark_jersey_city,_ny_nj_pa_msa",2018-12-07 00:00:00+00:00,surf,,myung_pugh,12,7,,
1431,napoleon,burt,74,"sacramento_roseville_folsom,_ca_msa",2018-01-28 00:00:00+00:00,surf,,napoleon_burt,1,28,,
1432,azucena,goodwin,59,"salt_lake_city,_ut_msa",2018-10-03 00:00:00+00:00,ultimate,,azucena_goodwin,10,3,,
1433,lyndon,morrison,29,"philadelphia_camden_wilmington,_pa_nj_de_md_msa",2018-08-29 00:00:00+00:00,ultimate,,lyndon_morrison,8,29,,
1434,kai,barr,18,"new_york_newark_jersey_city,_ny_nj_pa_msa",2018-03-06 00:00:00+00:00,surf,,kai_barr,3,6,,
1435,darnell,powell,23,"washington_arlington_alexandria,_dc_va_md_wv_msa",2018-07-24 00:00:00+00:00,ultimate,,darnell_powell,7,24,,
1436,jennine,kinney,69,"philadelphia_camden_wilmington,_pa_nj_de_md_msa",2018-08-26 00:00:00+00:00,ultimate,,jennine_kinney,8,26,,
1437,louis,neal,42,"dallas_fort_worth_arlington,_tx_msa",2018-11-12 00:00:00+00:00,surf,,louis_neal,11,12,,
1438,harvey,brooks,36,"orlando_kissimmee_sanford,_fl_msa",2018-06-15 00:00:00+00:00,surf,,harvey_brooks,6,15,,
1439,moses,cabrera,28,"riverside_san_bernardino_ontario,_ca_msa",2018-01-04 00:00:00+00:00,surf,,moses_cabrera,1,4,,
1440,france,barrett,49,"nashville_davidson_murfreesboro_franklin,_tn_msa",2018-04-16 00:00:00+00:00,surf,,france_barrett,4,16,,
1441,piedad,myers,23,"atlanta_sandy_springs_roswell,_ga_msa",2018-03-08 00:00:00+00:00,ultimate,2018-08-19 00:00:00+00:00,piedad_myers,3,8,8.0,19.0
1442,terrell,caldwell,66,"new_york_newark_jersey_city,_ny_nj_pa_msa",2018-05-25 00:00:00+00:00,ultimate,,terrell_caldwell,5,25,,
1443,genaro,quinn,58,"atlanta_sandy_springs_roswell,_ga_msa",2018-03-11 00:00:00+00:00,surf,,genaro_quinn,3,11,,
1444,glinda,dickerson,70,"new_haven_milford,_ct_msa",2018-06-20 00:00:00+00:00,surf,,glinda_dickerson,6,20,,
1445,elodia,donovan,71,"dallas_fort_worth_arlington,_tx_msa",2018-01-27 00:00:00+00:00,ultimate,,elodia_donovan,1,27,,
1446,pasquale,ball,52,"austin_round_rock_georgetown,_tx_msa",2018-09-10 00:00:00+00:00,surf,,pasquale_ball,9,10,,
1447,ramon,hester,62,"orlando_kissimmee_sanford,_fl_msa",2018-05-01 00:00:00+00:00,surf,,ramon_hester,5,1,,
1448,elayne,foley,33,"urban_honolulu,_hi_msa",2018-10-17 00:00:00+00:00,surf,,elayne_foley,10,17,,
1449,boyd,kelley,39,"seattle_tacoma_bellevue,_wa_msa",2018-10-04 00:00:00+00:00,surf,,boyd_kelley,10,4,,
1450,errol,marquez,67,"bakersfield,_ca_msa",2018-06-16 00:00:00+00:00,ultimate,,errol_marquez,6,16,,
1451,lenard,harding,53,"charlotte_concord_gastonia,_nc_sc_msa",2018-02-15 00:00:00+00:00,ultimate,2018-12-10 00:00:00+00:00,lenard_harding,2,15,12.0,10.0
1452,miguel,sparks,32,"tucson,_az_msa",2018-12-29 00:00:00+00:00,surf,,miguel_sparks,12,29,,
1453,robt,tyler,51,"los_angeles_long_beach_anaheim,_ca_msa",2018-07-09 00:00:00+00:00,ultimate,,robt_tyler,7,9,,
1454,kymberly,cohen,56,"san_antonio_new_braunfels,_tx_msa",2018-05-30 00:00:00+00:00,ultimate,,kymberly_cohen,5,30,,
1455,jude,fischer,20,"denver_aurora_lakewood,_co_msa",2018-08-13 00:00:00+00:00,surf,,jude_fischer,8,13,,
1456,seymour,olsen,66,"minneapolis_st_paul_bloomington,_mn_wi_msa",2018-06-02 00:00:00+00:00,ultimate,,seymour_olsen,6,2,,
1457,janean,lynch,47,"new_york_newark_jersey_city,_ny_nj_pa_msa",2018-02-17 00:00:00+00:00,surf,,janean_lynch,2,17,,
1458,joella,munoz,32,"detroit_warren_dearborn,_mi_msa",2018-07-24 00:00:00+00:00,ultimate,,joella_munoz,7,24,,
1459,santos,head,40,"san_francisco_oakland_berkeley,_ca_msa",2018-04-27 00:00:00+00:00,ultimate,,santos_head,4,27,,
1460,winford,underwood,46,"fresno,_ca_msa",2018-05-28 00:00:00+00:00,ultimate,,winford_underwood,5,28,,
1461,rupert,santana,54,"pittsburgh,_pa_msa",2018-09-14 00:00:00+00:00,surf,,rupert_santana,9,14,,
1462,lesley,workman,20,"las_vegas_henderson_paradise,_nv_msa",2018-09-05 00:00:00+00:00,ultimate,,lesley_workman,9,5,,
1463,dinorah,simmons,30,"atlanta_sandy_springs_roswell,_ga_msa",2018-11-27 00:00:00+00:00,ultimate,,dinorah_simmons,11,27,,
1464,burt,burke,70,"providence_warwick,_ri_ma_msa",2018-11-07 00:00:00+00:00,surf,,burt_burke,11,7,,
1465,arianna,morrison,73,"pittsburgh,_pa_msa",2018-06-22 00:00:00+00:00,ultimate,,arianna_morrison,6,22,,
1466,alphonse,harmon,56,"los_angeles_long_beach_anaheim,_ca_msa",2018-01-26 00:00:00+00:00,surf,2018-09-17 00:00:00+00:00,alphonse_harmon,1,26,9.0,17.0
1467,nickolas,deleon,64,"atlanta_sandy_springs_roswell,_ga_msa",2018-01-31 00:00:00+00:00,ultimate,2018-11-18 00:00:00+00:00,nickolas_deleon,1,31,11.0,18.0
1468,johana,kim,55,"denver_aurora_lakewood,_co_msa",2018-09-08 00:00:00+00:00,surf,,johana_kim,9,8,,
1469,rory,nixon,75,"new_york_newark_jersey_city,_ny_nj_pa_msa",2018-06-04 00:00:00+00:00,surf,,rory_nixon,6,4,,
1470,gerald,reese,45,"washington_arlington_alexandria,_dc_va_md_wv_msa",2018-04-21 00:00:00+00:00,surf,,gerald_reese,4,21,,
1471,britni,mitchell,59,"richmond,_va_msa",2018-10-13 00:00:00+00:00,surf,,britni_mitchell,10,13,,
1472,maximo,mendoza,51,"san_francisco_oakland_berkeley,_ca_msa",2018-04-10 00:00:00+00:00,surf,,maximo_mendoza,4,10,,
1473,kirk,velez,61,"louisville_jefferson_county,_ky_in_msa",2018-12-31 00:00:00+00:00,surf,,kirk_velez,12,31,,
1474,randee,carpenter,26,"bakersfield,_ca_msa",2018-08-26 00:00:00+00:00,surf,,randee_carpenter,8,26,,
1475,arlen,sutton,66,"dallas_fort_worth_arlington,_tx_msa",2018-05-28 00:00:00+00:00,ultimate,,arlen_sutton,5,28,,
1476,tammara,dorsey,24,"los_angeles_long_beach_anaheim,_ca_msa",2018-06-10 00:00:00+00:00,ultimate,,tammara_dorsey,6,10,,
1477,magaly,rivas,52,"riverside_san_bernardino_ontario,_ca_msa",2018-08-24 00:00:00+00:00,ultimate,,magaly_rivas,8,24,,
1478,elane,david,51,"portland_vancouver_hillsboro,_or_wa_msa",2018-06-28 00:00:00+00:00,ultimate,,elane_david,6,28,,
1479,keesha,burnett,44,"riverside_san_bernardino_ontario,_ca_msa",2018-11-12 00:00:00+00:00,surf,,keesha_burnett,11,12,,
1480,jasper,buchanan,46,"st_louis,_mo_il_msa",2018-12-13 00:00:00+00:00,surf,,jasper_buchanan,12,13,,
1481,roni,frye,32,"urban_honolulu,_hi_msa",2018-12-27 00:00:00+00:00,surf,,roni_frye,12,27,,
1482,armand,glenn,70,"new_york_newark_jersey_city,_ny_nj_pa_msa",2018-01-01 00:00:00+00:00,ultimate,,armand_glenn,1,1,,
1483,miguel,farrell,35,"chicago_naperville_elgin,_il_in_wi_msa",2018-04-25 00:00:00+00:00,surf,,miguel_farrell,4,25,,
1484,delpha,baldwin,46,"dallas_fort_worth_arlington,_tx_msa",2018-11-29 00:00:00+00:00,surf,,delpha_baldwin,11,29,,
1485,damion,woodard,67,"nashville_davidson_murfreesboro_franklin,_tn_msa",2018-08-21 00:00:00+00:00,surf,,damion_woodard,8,21,,
1486,sang,solis,29,"orlando_kissimmee_sanford,_fl_msa",2018-12-05 00:00:00+00:00,surf,,sang_solis,12,5,,
1487,elton,simpson,18,"cape_coral_fort_myers,_fl_msa",2018-08-16 00:00:00+00:00,ultimate,,elton_simpson,8,16,,
1488,shirley,jones,29,"baton_rouge,_la_msa",2018-05-15 00:00:00+00:00,surf,,shirley_jones,5,15,,
1489,londa,jenkins,72,"detroit_warren_dearborn,_mi_msa",2018-05-24 00:00:00+00:00,surf,,londa_jenkins,5,24,,
1490,shane,cortez,42,"sacramento_roseville_folsom,_ca_msa",2018-01-20 00:00:00+00:00,ultimate,,shane_cortez,1,20,,
1491,terina,jensen,22,"grand_rapids_kentwood,_mi_msa",2018-04-27 00:00:00+00:00,surf,2018-09-18 00:00:00+00:00,terina_jensen,4,27,9.0,18.0
1492,elvie,jones,63,"portland_vancouver_hillsboro,_or_wa_msa",2018-03-07 00:00:00+00:00,surf,,elvie_jones,3,7,,
1493,cicely,wynn,18,"boston_cambridge_newton,_ma_nh_msa",2018-03-06 00:00:00+00:00,ultimate,,cicely_wynn,3,6,,
1494,preston,downs,70,"new_york_newark_jersey_city,_ny_nj_pa_msa",2018-04-19 00:00:00+00:00,surf,,preston_downs,4,19,,
1495,fidel,sharpe,67,"new_york_newark_jersey_city,_ny_nj_pa_msa",2018-09-04 00:00:00+00:00,surf,,fidel_sharpe,9,4,,
1496,ariel,shepherd,49,"new_orleans_metairie,_la_msa",2018-02-20 00:00:00+00:00,surf,,ariel_shepherd,2,20,,
1497,donte,barrera,49,"los_angeles_long_beach_anaheim,_ca_msa",2018-12-10 00:00:00+00:00,ultimate,,donte_barrera,12,10,,
1498,scot,williamson,51,"new_york_newark_jersey_city,_ny_nj_pa_msa",2018-02-04 00:00:00+00:00,surf,,scot_williamson,2,4,,
1499,shena,dickson,37,"orlando_kissimmee_sanford,_fl_msa",2018-05-06 00:00:00+00:00,surf,,shena_dickson,5,6,,
