user_id,full_name,age,city,reg_day,reg_month,churn_day,churn_month,plan,total_calls_duration,total_traffic_usage,total_messages_amount,total_calls_revenue,total_messages_revenue,total_traffic_revenue,total_services_revenue
1000,anamaria_bauer,45,"atlanta_sandy_springs_roswell,_ga_msa",24,12,,,ultimate,124.0,2000.0,11.0,70.0,70.0,70.0,70.0
1001,mickey_wilkerson,28,"seattle_tacoma_bellevue,_wa_msa",13,8,,,surf,1728.0,83000.0,207.0,56.84,24.71,696.4,737.95
1002,carlee_hoffman,36,"las_vegas_henderson_paradise,_nv_msa",21,10,,,surf,829.0,42000.0,88.0,29.87,21.14,286.4,297.41
1003,reynaldo_jenkins,52,"tulsa,_ok_msa",28,1,,,surf,1104.0,28000.0,50.0,38.12,20.0,146.4,164.52
1004,leonila_thompson,40,"seattle_tacoma_bellevue,_wa_msa",23,5,,,surf,2772.0,159000.0,177.0,88.16,23.81,1456.4,1528.37
1005,livia_shields,31,"dallas_fort_worth_arlington,_tx_msa",29,11,,,surf,496.0,18000.0,11.0,20.0,20.0,46.4,46.4
1006,jesusa_bradford,73,"san_francisco_oakland_berkeley,_ca_msa",27,11,18.0,12.0,ultimate,69.0,36000.0,154.0,70.0,70.0,106.96,106.96
1007,eusebio_welch,42,"grand_rapids_kentwood,_mi_msa",11,7,,,surf,2641.0,147000.0,255.0,84.23,26.15,1336.4,1406.78
1008,emely_hoffman,53,"orlando_kissimmee_sanford,_fl_msa",3,8,,,ultimate,1556.0,57000.0,84.0,70.0,70.0,253.96,253.96
1009,gerry_little,19,"san_jose_sunnyvale_santa_clara,_ca_msa",22,4,,,surf,5954.0,190000.0,,183.62,20.0,1766.4,1930.02
1010,wilber_blair,52,"dallas_fort_worth_arlington,_tx_msa",9,3,,,surf,5075.0,139000.0,,157.25,20.0,1256.4,1393.65
1011,halina_henry,73,"cleveland_elyria,_oh_msa",18,1,,,ultimate,2907.0,136000.0,371.0,70.0,70.0,806.96,806.96
1012,jonelle_mcbride,59,"chicago_naperville_elgin,_il_in_wi_msa",28,6,16.0,11.0,surf,153.0,26000.0,,20.0,20.0,126.4,126.4
1013,nicolas_snider,50,"knoxville,_tn_msa",1,12,,,ultimate,219.0,21000.0,16.0,70.0,70.0,70.0,70.0
1014,edmundo_simon,61,"new_york_newark_jersey_city,_ny_nj_pa_msa",25,11,,,surf,1277.0,10000.0,73.0,43.31,20.69,20.0,44.0
1015,beata_carpenter,26,"pittsburgh,_pa_msa",5,12,,,surf,96.0,18000.0,68.0,20.0,20.54,46.4,46.94
1016,jann_salinas,30,"fresno,_ca_msa",25,10,,,surf,1659.0,61000.0,95.0,54.77,21.35,476.4,512.52
1017,boris_gates,61,"washington_arlington_alexandria,_dc_va_md_wv_msa",26,8,,,surf,1681.0,99000.0,152.0,55.43,23.06,856.4,894.89
1018,dennis_grimes,70,"indianapolis_carmel_anderson,_in_msa",17,10,,,surf,1296.0,43000.0,16.0,43.88,20.0,296.4,320.28
1019,shizue_landry,34,"jacksonville,_fl_msa",16,1,,,surf,511.0,33000.0,152.0,20.33,23.06,196.4,199.79
1020,rutha_bell,56,"dallas_fort_worth_arlington,_tx_msa",8,11,,,surf,930.0,33000.0,4.0,32.9,20.0,196.4,209.3
1021,ricarda_booker,37,"los_angeles_long_beach_anaheim,_ca_msa",21,12,,,surf,401.0,7000.0,,20.0,20.0,20.0,20.0
1022,bo_snow,73,"new_york_newark_jersey_city,_ny_nj_pa_msa",20,4,7.0,9.0,surf,4065.0,137000.0,,126.95,20.0,1236.4,1343.35
1023,jack_delaney,70,"omaha_council_bluffs,_ne_ia_msa",6,7,,,surf,115.0,20000.0,11.0,20.0,20.0,66.4,66.4
1024,yuki_tyson,74,"new_york_newark_jersey_city,_ny_nj_pa_msa",21,8,,,surf,564.0,11000.0,,21.92,20.0,20.0,21.92
1025,jess_wilkinson,64,"atlanta_sandy_springs_roswell,_ga_msa",28,10,,,ultimate,,,,70.0,70.0,70.0,70.0
1026,meggan_hamilton,49,"houston_the_woodlands_sugar_land,_tx_msa",20,7,,,ultimate,357.0,14000.0,22.0,70.0,70.0,70.0,70.0
1027,georgeanna_cardenas,38,"new_york_newark_jersey_city,_ny_nj_pa_msa",26,6,,,surf,2143.0,95000.0,78.0,69.29,20.84,816.4,866.53
1028,jefferey_rasmussen,57,"philadelphia_camden_wilmington,_pa_nj_de_md_msa",21,2,,,ultimate,525.0,394000.0,756.0,70.0,70.0,2612.96,2612.96
1029,franklyn_henson,59,"tampa_st_petersburg_clearwater,_fl_msa",5,1,,,surf,2768.0,70000.0,50.0,88.04,20.0,566.4,634.44
1030,chase_kane,30,"chicago_naperville_elgin,_il_in_wi_msa",14,2,,,ultimate,1358.0,45000.0,30.0,70.0,70.0,169.96,169.96
1031,lane_martin,52,"new_york_newark_jersey_city,_ny_nj_pa_msa",15,7,,,ultimate,2947.0,96000.0,14.0,70.0,70.0,526.96,526.96
1032,delila_dalton,59,"birmingham_hoover,_al_msa",7,6,,,ultimate,1072.0,30000.0,42.0,70.0,70.0,70.0,70.0
1033,latoyia_moran,28,"oklahoma_city,_ok_msa",30,5,,,ultimate,2547.0,85000.0,108.0,70.0,70.0,449.96,449.96
1034,jc_gentry,22,"new_york_newark_jersey_city,_ny_nj_pa_msa",13,8,,,surf,7.0,1000.0,4.0,20.0,20.0,20.0,20.0
1035,jeff_cummings,67,"charlotte_concord_gastonia,_nc_sc_msa",8,12,,,surf,627.0,16000.0,66.0,23.81,20.48,26.4,30.69
1036,myron_hodge,70,"denver_aurora_lakewood,_co_msa",9,5,,,ultimate,2815.0,82000.0,438.0,70.0,70.0,428.96,428.96
1037,reena_velazquez,20,"seattle_tacoma_bellevue,_wa_msa",11,8,,,ultimate,463.0,15000.0,44.0,70.0,70.0,70.0,70.0
1038,olympia_velazquez,32,"nashville_davidson_murfreesboro_franklin,_tn_msa",25,6,,,ultimate,1070.0,107000.0,255.0,70.0,70.0,603.96,603.96
1039,flo_hicks,56,"columbus,_oh_msa",30,5,,,ultimate,3214.0,132000.0,147.0,72.14,70.0,778.96,781.1
1040,paris_santos,72,"philadelphia_camden_wilmington,_pa_nj_de_md_msa",23,12,30.0,12.0,surf,294.0,17000.0,,20.0,20.0,36.4,36.4
1041,drucilla_lynn,58,"las_vegas_henderson_paradise,_nv_msa",17,3,,,ultimate,3682.0,197000.0,,76.82,70.0,1233.96,1240.78
1042,clementina_mclaughlin,40,"philadelphia_camden_wilmington,_pa_nj_de_md_msa",15,1,,,surf,3647.0,97000.0,,114.41,20.0,836.4,930.81
1043,carlos_hinton,42,"new_york_newark_jersey_city,_ny_nj_pa_msa",20,6,,,ultimate,1317.0,207000.0,599.0,70.0,70.0,1303.96,1303.96
1044,devora_galloway,74,"albuquerque,_nm_msa",30,8,,,surf,1160.0,85000.0,160.0,39.8,23.3,716.4,739.5
1045,barney_ortega,20,"new_york_newark_jersey_city,_ny_nj_pa_msa",15,10,,,surf,1499.0,53000.0,130.0,49.97,22.4,396.4,428.77
1046,beata_hooper,67,"boston_cambridge_newton,_ma_nh_msa",19,2,,,surf,3529.0,151000.0,238.0,110.87,25.64,1376.4,1472.91
1047,yuk_french,22,"indianapolis_carmel_anderson,_in_msa",16,6,,,ultimate,369.0,18000.0,7.0,70.0,70.0,70.0,70.0
1048,linwood_terrell,42,"miami_fort_lauderdale_west_palm_beach,_fl_msa",24,8,,,surf,952.0,46000.0,,33.56,20.0,326.4,339.96
1049,loise_avery,25,"new_york_newark_jersey_city,_ny_nj_pa_msa",21,2,,,surf,2835.0,79000.0,,90.05,20.0,656.4,726.45
1050,jone_owen,23,"miami_fort_lauderdale_west_palm_beach,_fl_msa",20,3,7.0,10.0,ultimate,3555.0,161000.0,,75.55,70.0,981.96,987.51
1051,rosario_gibbs,55,"san_diego_chula_vista_carlsbad,_ca_msa",11,12,,,surf,173.0,11000.0,60.0,20.0,20.3,20.0,20.3
1052,edmond_hopkins,47,"houston_the_woodlands_sugar_land,_tx_msa",5,3,,,surf,1407.0,32000.0,318.0,47.21,28.04,186.4,221.65
1053,piper_espinoza,27,"new_york_newark_jersey_city,_ny_nj_pa_msa",30,7,,,surf,2165.0,100000.0,75.0,69.95,20.75,866.4,917.1
1054,denis_frost,50,"phoenix_mesa_chandler,_az_msa",21,4,31.0,12.0,surf,2231.0,176000.0,246.0,71.93,25.88,1626.4,1684.21
1055,patrick_mclean,52,"portland_vancouver_hillsboro,_or_wa_msa",13,1,,,surf,1917.0,117000.0,608.0,62.51,36.74,1036.4,1095.65
1056,denis_chandler,33,"cincinnati,_oh_ky_in_msa",1,3,,,surf,1950.0,106000.0,186.0,63.5,24.08,926.4,973.98
1057,theo_sargent,18,"atlanta_sandy_springs_roswell,_ga_msa",7,8,,,ultimate,3479.0,94000.0,400.0,74.79,70.0,512.96,517.75
1058,reinaldo_colon,59,"los_angeles_long_beach_anaheim,_ca_msa",6,11,,,surf,1212.0,18000.0,55.0,41.36,20.15,46.4,67.91
1059,avril_richardson,34,"chicago_naperville_elgin,_il_in_wi_msa",22,4,,,ultimate,6349.0,125000.0,533.0,103.49,70.0,729.96,763.45
1060,denisse_santos,53,"atlanta_sandy_springs_roswell,_ga_msa",7,4,,,surf,3191.0,111000.0,330.0,100.73,28.4,976.4,1065.53
1061,maryam_valencia,38,"columbia,_sc_msa",8,3,,,ultimate,4928.0,175000.0,522.0,89.28,70.0,1079.96,1099.24
1062,kristeen_head,41,"san_antonio_new_braunfels,_tx_msa",6,2,,,ultimate,2485.0,152000.0,80.0,70.0,70.0,918.96,918.96
1063,larhonda_hartman,60,"new_york_newark_jersey_city,_ny_nj_pa_msa",5,11,,,ultimate,167.0,21000.0,,70.0,70.0,70.0,70.0
1064,gerardo_ashley,46,"new_york_newark_jersey_city,_ny_nj_pa_msa",3,6,,,surf,3432.0,118000.0,133.0,107.96,22.49,1046.4,1136.85
1065,sherlyn_noel,26,"los_angeles_long_beach_anaheim,_ca_msa",3,8,,,surf,2029.0,67000.0,100.0,65.87,21.5,536.4,583.77
1066,ariel_woods,61,"boston_cambridge_newton,_ma_nh_msa",8,3,,,surf,4280.0,199000.0,336.0,133.4,28.58,1856.4,1978.38
1067,robt_allen,37,"grand_rapids_kentwood,_mi_msa",24,9,24.0,11.0,surf,1297.0,62000.0,99.0,43.91,21.47,486.4,511.78
1068,marcel_jimenez,47,"new_york_newark_jersey_city,_ny_nj_pa_msa",29,1,,,surf,1818.0,117000.0,,59.54,20.0,1036.4,1075.94
1069,dino_fry,31,"houston_the_woodlands_sugar_land,_tx_msa",17,9,,,ultimate,2117.0,48000.0,370.0,70.0,70.0,190.96,190.96
1070,jacelyn_contreras,66,"chicago_naperville_elgin,_il_in_wi_msa",12,5,,,surf,318.0,16000.0,17.0,20.0,20.0,26.4,26.4
1071,isa_roy,29,"new_york_newark_jersey_city,_ny_nj_pa_msa",23,5,,,surf,3549.0,116000.0,,111.47,20.0,1026.4,1117.87
1072,seymour_spence,66,"dallas_fort_worth_arlington,_tx_msa",12,7,,,surf,3076.0,167000.0,94.0,97.28,21.32,1536.4,1615.0
1073,grady_crawford,30,"chicago_naperville_elgin,_il_in_wi_msa",6,4,,,surf,2624.0,134000.0,,83.72,20.0,1206.4,1270.12
1074,particia_fuller,69,"knoxville,_tn_msa",26,11,,,ultimate,723.0,12000.0,,70.0,70.0,70.0,70.0
1075,salena_bates,35,"philadelphia_camden_wilmington,_pa_nj_de_md_msa",6,8,,,surf,688.0,48000.0,244.0,25.64,25.82,346.4,357.86
1076,ronny_browning,51,"buffalo_cheektowaga,_ny_msa",29,7,,,surf,1881.0,111000.0,740.0,61.43,40.7,976.4,1038.53
1077,chau_webster,23,"charlotte_concord_gastonia,_nc_sc_msa",14,1,,,ultimate,8517.0,234000.0,804.0,125.17,70.0,1492.96,1548.13
1078,earnest_gray,47,"seattle_tacoma_bellevue,_wa_msa",11,2,,,surf,180.0,22000.0,68.0,20.0,20.54,86.4,86.94
1079,brian_mccall,48,"new_york_newark_jersey_city,_ny_nj_pa_msa",26,1,,,surf,3776.0,88000.0,396.0,118.28,30.38,746.4,855.06
1080,neal_mcgee,45,"new_york_newark_jersey_city,_ny_nj_pa_msa",3,8,,,surf,,137000.0,265.0,20.0,26.45,1236.4,1242.85
1081,grayce_sears,44,"dallas_fort_worth_arlington,_tx_msa",27,4,,,surf,1875.0,132000.0,231.0,61.25,25.43,1186.4,1233.08
1082,dominic_witt,64,"memphis,_tn_ms_ar_msa",15,4,,,surf,5389.0,148000.0,243.0,166.67,25.79,1346.4,1498.86
1083,lyndia_acevedo,65,"los_angeles_long_beach_anaheim,_ca_msa",26,10,18.0,12.0,surf,932.0,42000.0,24.0,32.96,20.0,286.4,299.36
1084,wiley_mckinney,21,"miami_fort_lauderdale_west_palm_beach,_fl_msa",4,6,11.0,11.0,surf,1847.0,57000.0,210.0,60.41,24.8,436.4,481.61
1085,ignacio_bennett,48,"atlanta_sandy_springs_roswell,_ga_msa",19,7,,,ultimate,2142.0,100000.0,,70.0,70.0,554.96,554.96
1086,adena_macias,36,"new_york_newark_jersey_city,_ny_nj_pa_msa",13,1,,,ultimate,337.0,25000.0,74.0,70.0,70.0,70.0,70.0
1087,lenard_atkinson,45,"washington_arlington_alexandria,_dc_va_md_wv_msa",18,11,,,surf,582.0,20000.0,65.0,22.46,20.45,66.4,69.31
1088,paris_robertson,64,"phoenix_mesa_chandler,_az_msa",27,5,,,ultimate,1621.0,121000.0,358.0,70.0,70.0,701.96,701.96
1089,malena_kelley,70,"philadelphia_camden_wilmington,_pa_nj_de_md_msa",3,9,,,surf,,17000.0,27.0,20.0,20.0,36.4,36.4
1090,brock_skinner,30,"indianapolis_carmel_anderson,_in_msa",12,5,,,surf,2749.0,146000.0,189.0,87.47,24.17,1326.4,1398.04
1091,taylor_oliver,38,"riverside_san_bernardino_ontario,_ca_msa",4,5,,,ultimate,843.0,11000.0,86.0,70.0,70.0,70.0,70.0
1092,taren_strickland,26,"dallas_fort_worth_arlington,_tx_msa",10,12,,,surf,614.0,23000.0,19.0,23.42,20.0,96.4,99.82
1093,karima_hampton,69,"nashville_davidson_murfreesboro_franklin,_tn_msa",17,12,,,surf,248.0,5000.0,17.0,20.0,20.0,20.0,20.0
1094,walter_petersen,54,"los_angeles_long_beach_anaheim,_ca_msa",30,10,12.0,12.0,surf,1701.0,55000.0,99.0,56.03,21.47,416.4,453.9
1095,lilliam_alvarado,55,"louisville_jefferson_county,_ky_in_msa",21,4,,,surf,1095.0,132000.0,95.0,37.85,21.35,1186.4,1205.6
1096,song_cline,28,"new_york_newark_jersey_city,_ny_nj_pa_msa",22,12,,,ultimate,141.0,8000.0,14.0,70.0,70.0,70.0,70.0
1097,deandre_powell,27,"washington_arlington_alexandria,_dc_va_md_wv_msa",26,2,,,surf,3027.0,77000.0,,95.81,20.0,636.4,712.21
1098,collin_sims,33,"albany_schenectady_troy,_ny_msa",14,8,,,surf,2427.0,140000.0,426.0,77.81,31.28,1266.4,1335.49
1099,shavon_banks,48,"new_york_newark_jersey_city,_ny_nj_pa_msa",26,2,,,surf,5384.0,177000.0,239.0,166.52,25.67,1636.4,1788.59
1100,aaron_rowe,65,"new_york_newark_jersey_city,_ny_nj_pa_msa",13,2,,,surf,1651.0,99000.0,265.0,54.53,26.45,856.4,897.38
1101,sage_conley,27,"washington_arlington_alexandria,_dc_va_md_wv_msa",8,2,,,surf,3495.0,118000.0,648.0,109.85,37.94,1046.4,1154.19
1102,marquitta_walton,30,"riverside_san_bernardino_ontario,_ca_msa",20,2,,,ultimate,430.0,7000.0,45.0,70.0,70.0,70.0,70.0
1103,moises_weeks,28,"seattle_tacoma_bellevue,_wa_msa",1,7,,,surf,1697.0,94000.0,140.0,55.91,22.7,806.4,845.01
1104,thurman_stephens,20,"chicago_naperville_elgin,_il_in_wi_msa",23,12,,,ultimate,11.0,10000.0,25.0,70.0,70.0,70.0,70.0
1105,micheal_poole,57,"providence_warwick,_ri_ma_msa",8,1,,,surf,2149.0,33000.0,243.0,69.47,25.79,196.4,251.66
1106,eddy_garrison,47,"new_york_newark_jersey_city,_ny_nj_pa_msa",10,5,14.0,11.0,surf,3994.0,174000.0,,124.82,20.0,1606.4,1711.22
1107,lane_cash,61,"new_york_newark_jersey_city,_ny_nj_pa_msa",15,11,,,ultimate,379.0,25000.0,65.0,70.0,70.0,70.0,70.0
1108,porfirio_kane,45,"salt_lake_city,_ut_msa",30,12,,,ultimate,,1000.0,,70.0,70.0,70.0,70.0
1109,dominic_salinas,41,"new_york_newark_jersey_city,_ny_nj_pa_msa",16,2,,,surf,4200.0,116000.0,,131.0,20.0,1026.4,1137.4
1110,anderson_cotton,65,"washington_arlington_alexandria,_dc_va_md_wv_msa",20,4,,,surf,3024.0,169000.0,416.0,95.72,30.98,1556.4,1643.1
1111,booker_hahn,75,"urban_honolulu,_hi_msa",17,9,,,surf,1136.0,57000.0,322.0,39.08,28.16,436.4,463.64
1112,amal_pacheco,18,"grand_rapids_kentwood,_mi_msa",8,10,,,ultimate,2391.0,37000.0,114.0,70.0,70.0,113.96,113.96
1113,spencer_powers,27,"new_york_newark_jersey_city,_ny_nj_pa_msa",4,6,,,ultimate,3466.0,99000.0,277.0,74.66,70.0,547.96,552.62
1114,esta_estes,55,"new_york_newark_jersey_city,_ny_nj_pa_msa",21,7,,,surf,3769.0,105000.0,464.0,118.07,32.42,916.4,1026.89
1115,yevette_yang,21,"el_paso,_tx_msa",19,11,,,surf,1225.0,25000.0,152.0,41.75,23.06,116.4,141.21
1116,moriah_yates,60,"cincinnati,_oh_ky_in_msa",8,8,,,surf,366.0,16000.0,19.0,20.0,20.0,26.4,26.4
1117,hank_taylor,49,"dallas_fort_worth_arlington,_tx_msa",24,1,,,surf,2759.0,145000.0,,87.77,20.0,1316.4,1384.17
1118,deane_ramirez,28,"columbus,_oh_msa",8,12,,,surf,909.0,16000.0,17.0,32.27,20.0,26.4,38.67
1119,anderson_palmer,60,"louisville_jefferson_county,_ky_in_msa",5,10,,,surf,1229.0,4000.0,366.0,41.87,29.48,20.0,51.35
1120,abraham_mcconnell,33,"new_york_newark_jersey_city,_ny_nj_pa_msa",3,4,,,surf,3506.0,199000.0,417.0,110.18,31.01,1856.4,1957.59
1121,kathaleen_albert,34,"miami_fort_lauderdale_west_palm_beach,_fl_msa",13,3,,,surf,,69000.0,98.0,20.0,21.44,556.4,557.84
1122,lashay_reese,57,"miami_fort_lauderdale_west_palm_beach,_fl_msa",4,3,,,surf,3340.0,156000.0,160.0,105.2,23.3,1426.4,1514.9
1123,dierdre_nash,66,"philadelphia_camden_wilmington,_pa_nj_de_md_msa",19,4,,,surf,3393.0,143000.0,182.0,106.79,23.96,1296.4,1387.15
1124,jenell_navarro,48,"new_haven_milford,_ct_msa",19,2,,,ultimate,1254.0,17000.0,219.0,70.0,70.0,70.0,70.0
1125,assunta_carver,39,"north_port_sarasota_bradenton,_fl_msa",16,8,,,surf,517.0,23000.0,54.0,20.51,20.12,96.4,97.03
1126,jermaine_mcguire,68,"chicago_naperville_elgin,_il_in_wi_msa",2,6,,,ultimate,6152.0,187000.0,569.0,101.52,70.0,1163.96,1195.48
1127,marchelle_brock,28,"new_york_newark_jersey_city,_ny_nj_pa_msa",23,6,,,surf,1483.0,155000.0,76.0,49.49,20.78,1416.4,1446.67
1128,lucius_fernandez,41,"knoxville,_tn_msa",25,1,,,ultimate,378.0,128000.0,294.0,70.0,70.0,750.96,750.96
1129,marin_bolton,70,"baton_rouge,_la_msa",10,11,27.0,12.0,surf,,,,20.0,20.0,20.0,20.0
1130,clarence_cunningham,27,"philadelphia_camden_wilmington,_pa_nj_de_md_msa",17,5,,,surf,1823.0,66000.0,336.0,59.69,28.58,526.4,574.67
1131,shane_morrison,60,"los_angeles_long_beach_anaheim,_ca_msa",7,1,,,surf,,120000.0,216.0,20.0,24.98,1066.4,1071.38
1132,edward_roberts,39,"san_francisco_oakland_berkeley,_ca_msa",14,4,,,ultimate,5869.0,218000.0,1288.0,98.69,72.88,1380.96,1412.53
1133,larry_barr,50,"cincinnati,_oh_ky_in_msa",21,7,,,ultimate,1444.0,86000.0,455.0,70.0,70.0,456.96,456.96
1134,shannon_nichols,71,"chicago_naperville_elgin,_il_in_wi_msa",3,9,,,surf,986.0,84000.0,61.0,34.58,20.33,706.4,721.31
1135,scotty_white,51,"miami_fort_lauderdale_west_palm_beach,_fl_msa",23,12,,,ultimate,142.0,7000.0,,70.0,70.0,70.0,70.0
1136,jasper_caldwell,25,"knoxville,_tn_msa",14,10,,,surf,969.0,57000.0,127.0,34.07,22.31,436.4,452.78
1137,allegra_hopkins,20,"chicago_naperville_elgin,_il_in_wi_msa",2,10,,,surf,,19000.0,168.0,20.0,23.54,56.4,59.94
1138,arlie_higgins,66,"riverside_san_bernardino_ontario,_ca_msa",6,2,,,surf,4245.0,213000.0,120.0,132.35,22.1,1996.4,2110.85
1139,thomas_lawson,66,"new_orleans_metairie,_la_msa",18,11,,,surf,489.0,25000.0,82.0,20.0,20.96,116.4,117.36
1140,randolph_graves,53,"new_york_newark_jersey_city,_ny_nj_pa_msa",26,3,,,surf,3487.0,93000.0,65.0,109.61,20.45,796.4,886.46
1141,kirstie_hodges,46,"new_york_newark_jersey_city,_ny_nj_pa_msa",26,6,,,surf,5185.0,102000.0,120.0,160.55,22.1,886.4,1029.05
1142,charlesetta_dillard,18,"new_orleans_metairie,_la_msa",23,8,,,surf,1712.0,80000.0,181.0,56.36,23.93,666.4,706.69
1143,lorina_stevens,69,"cincinnati,_oh_ky_in_msa",26,10,,,surf,,,,20.0,20.0,20.0,20.0
1144,kaycee_peterson,65,"new_york_newark_jersey_city,_ny_nj_pa_msa",21,4,,,ultimate,4644.0,280000.0,601.0,86.44,70.0,1814.96,1831.4
1145,venice_brooks,29,"san_jose_sunnyvale_santa_clara,_ca_msa",12,4,,,surf,2494.0,126000.0,448.0,79.82,31.94,1126.4,1198.16
1146,loma_mcneil,42,"new_york_newark_jersey_city,_ny_nj_pa_msa",13,10,,,surf,1133.0,50000.0,238.0,38.99,25.64,366.4,391.03
1147,duncan_malone,71,"urban_honolulu,_hi_msa",30,4,,,surf,6161.0,259000.0,203.0,189.83,24.59,2456.4,2630.82
1148,dwana_moore,67,"columbia,_sc_msa",4,11,,,surf,1056.0,32000.0,123.0,36.68,22.19,186.4,205.27
1149,jamaal_camacho,54,"san_francisco_oakland_berkeley,_ca_msa",3,3,,,surf,1787.0,36000.0,,58.61,20.0,226.4,265.01
1150,earlie_giles,46,"houston_the_woodlands_sugar_land,_tx_msa",19,9,,,ultimate,1728.0,53000.0,,70.0,70.0,225.96,225.96
1151,ralph_monroe,21,"new_york_newark_jersey_city,_ny_nj_pa_msa",20,3,,,surf,2522.0,71000.0,260.0,80.66,26.3,576.4,643.36
1152,merrill_hogan,35,"orlando_kissimmee_sanford,_fl_msa",1,11,,,surf,1380.0,33000.0,,46.4,20.0,196.4,222.8
1153,kathaleen_crawford,30,"bridgeport_stamford_norwalk,_ct_msa",19,6,,,surf,4224.0,91000.0,,131.72,20.0,776.4,888.12
1154,humberto_pruitt,53,"nashville_davidson_murfreesboro_franklin,_tn_msa",18,7,,,ultimate,898.0,49000.0,225.0,70.0,70.0,197.96,197.96
1155,claude_hahn,19,"miami_fort_lauderdale_west_palm_beach,_fl_msa",21,2,,,ultimate,2462.0,231000.0,355.0,70.0,70.0,1471.96,1471.96
1156,anette_chambers,71,"albuquerque,_nm_msa",25,3,,,surf,4078.0,176000.0,,127.34,20.0,1626.4,1733.74
1157,luciano_sheppard,63,"los_angeles_long_beach_anaheim,_ca_msa",2,7,,,surf,2584.0,64000.0,,82.52,20.0,506.4,568.92
1158,robin_thornton,20,"virginia_beach_norfolk_newport_news,_va_nc_msa",30,11,,,ultimate,476.0,22000.0,,70.0,70.0,70.0,70.0
1159,dierdre_baker,58,"miami_fort_lauderdale_west_palm_beach,_fl_msa",21,7,,,ultimate,4323.0,69000.0,490.0,83.23,70.0,337.96,351.19
1160,steven_morgan,44,"portland_vancouver_hillsboro,_or_wa_msa",5,2,,,surf,5151.0,171000.0,135.0,159.53,22.55,1576.4,1718.48
1161,florance_estrada,52,"new_york_newark_jersey_city,_ny_nj_pa_msa",27,11,,,ultimate,840.0,16000.0,2.0,70.0,70.0,70.0,70.0
1162,mark_farley,20,"los_angeles_long_beach_anaheim,_ca_msa",12,7,,,ultimate,1080.0,49000.0,96.0,70.0,70.0,197.96,197.96
1163,lanie_washington,27,"los_angeles_long_beach_anaheim,_ca_msa",12,1,,,ultimate,2645.0,98000.0,30.0,70.0,70.0,540.96,540.96
1164,kam_macias,31,"chicago_naperville_elgin,_il_in_wi_msa",17,2,,,ultimate,3368.0,129000.0,225.0,73.68,70.0,757.96,761.64
1165,nigel_huber,20,"philadelphia_camden_wilmington,_pa_nj_de_md_msa",27,10,,,surf,317.0,39000.0,68.0,20.0,20.54,256.4,256.94
1166,kaycee_bryant,26,"baltimore_columbia_towson,_md_msa",7,5,,,surf,758.0,86000.0,,27.74,20.0,726.4,734.14
1167,rebbecca_nicholson,47,"denver_aurora_lakewood,_co_msa",6,4,,,surf,4326.0,101000.0,344.0,134.78,28.82,876.4,1000.0
1168,shay_weaver,58,"milwaukee_waukesha,_wi_msa",13,12,,,surf,294.0,8000.0,14.0,20.0,20.0,20.0,20.0
1169,hai_bean,67,"new_york_newark_jersey_city,_ny_nj_pa_msa",6,12,,,surf,835.0,18000.0,110.0,30.05,21.8,46.4,58.25
1170,olin_adkins,18,"pittsburgh,_pa_msa",25,9,,,surf,2573.0,86000.0,32.0,82.19,20.0,726.4,788.59
1171,devin_wilkinson,56,"boston_cambridge_newton,_ma_nh_msa",27,1,,,surf,3203.0,233000.0,,101.09,20.0,2196.4,2277.49
1172,weldon_robinson,72,"boston_cambridge_newton,_ma_nh_msa",30,3,29.0,11.0,surf,2794.0,132000.0,475.0,88.82,32.75,1186.4,1267.97
1173,tristan_cain,27,"oxnard_thousand_oaks_ventura,_ca_msa",28,9,,,surf,1600.0,47000.0,192.0,53.0,24.26,336.4,373.66
1174,larisa_ellis,67,"cleveland_elyria,_oh_msa",28,1,,,surf,4407.0,146000.0,552.0,137.21,35.06,1326.4,1458.67
1175,shiloh_stafford,25,"new_york_newark_jersey_city,_ny_nj_pa_msa",30,9,,,surf,2030.0,58000.0,97.0,65.9,21.41,446.4,493.71
1176,terrance_shaffer,75,"new_york_newark_jersey_city,_ny_nj_pa_msa",3,10,,,surf,1137.0,68000.0,165.0,39.11,23.45,546.4,568.96
1177,seymour_anderson,33,"seattle_tacoma_bellevue,_wa_msa",9,11,,,surf,710.0,38000.0,44.0,26.3,20.0,246.4,252.7
1178,charlsie_reid,53,"cincinnati,_oh_ky_in_msa",5,10,,,surf,1250.0,54000.0,136.0,42.5,22.58,406.4,431.48
1179,darcey_baird,22,"dallas_fort_worth_arlington,_tx_msa",27,4,,,surf,2641.0,80000.0,90.0,84.23,21.2,666.4,731.83
1180,wonda_hays,24,"new_york_newark_jersey_city,_ny_nj_pa_msa",1,12,22.0,12.0,surf,615.0,12000.0,76.0,23.45,20.78,20.0,24.23
1181,ron_kaufman,47,"new_york_newark_jersey_city,_ny_nj_pa_msa",13,4,,,surf,4800.0,145000.0,221.0,149.0,25.13,1316.4,1450.53
1182,jeff_burt,39,"charlotte_concord_gastonia,_nc_sc_msa",29,5,,,surf,1626.0,141000.0,14.0,53.78,20.0,1276.4,1310.18
1183,jermaine_gallegos,71,"chicago_naperville_elgin,_il_in_wi_msa",20,7,,,surf,1450.0,47000.0,237.0,48.5,25.61,336.4,370.51
1184,fredric_middleton,39,"sacramento_roseville_folsom,_ca_msa",7,3,,,ultimate,666.0,11000.0,37.0,70.0,70.0,70.0,70.0
1185,loria_freeman,47,"louisville_jefferson_county,_ky_in_msa",14,1,,,ultimate,5846.0,294000.0,,98.46,70.0,1912.96,1941.42
1186,josiah_douglas,55,"las_vegas_henderson_paradise,_nv_msa",22,12,31.0,12.0,ultimate,91.0,2000.0,13.0,70.0,70.0,70.0,70.0
1187,tanner_goodman,49,"austin_round_rock_georgetown,_tx_msa",20,2,,,surf,5328.0,174000.0,90.0,164.84,21.2,1606.4,1752.44
1188,ethelene_brock,31,"richmond,_va_msa",10,1,,,ultimate,1044.0,76000.0,176.0,70.0,70.0,386.96,386.96
1189,terrence_smith,75,"columbus,_oh_msa",24,9,,,surf,1252.0,66000.0,134.0,42.56,22.52,526.4,551.48
1190,troy_hutchinson,56,"virginia_beach_norfolk_newport_news,_va_nc_msa",1,8,,,ultimate,198.0,15000.0,3.0,70.0,70.0,70.0,70.0
1191,zack_waters,75,"st_louis,_mo_il_msa",21,1,30.0,11.0,ultimate,3746.0,122000.0,104.0,77.46,70.0,708.96,716.42
1192,korey_goodwin,36,"buffalo_cheektowaga,_ny_msa",2,10,,,surf,1628.0,25000.0,84.0,53.84,21.02,116.4,151.26
1193,lacresha_olsen,18,"houston_the_woodlands_sugar_land,_tx_msa",7,7,,,surf,1288.0,107000.0,358.0,43.64,29.24,936.4,969.28
1194,robert_mclean,40,"san_jose_sunnyvale_santa_clara,_ca_msa",31,5,,,surf,,151000.0,292.0,20.0,27.26,1376.4,1383.66
1195,roy_velez,60,"portland_vancouver_hillsboro,_or_wa_msa",9,6,,,surf,2164.0,50000.0,388.0,69.92,30.14,366.4,426.46
1196,noel_dawson,46,"los_angeles_long_beach_anaheim,_ca_msa",14,1,,,ultimate,6542.0,271000.0,341.0,105.42,70.0,1751.96,1787.38
1197,lon_parker,56,"new_york_newark_jersey_city,_ny_nj_pa_msa",5,11,,,surf,1390.0,30000.0,22.0,46.7,20.0,166.4,193.1
1198,russ_horne,69,"new_york_newark_jersey_city,_ny_nj_pa_msa",1,5,,,surf,1513.0,65000.0,36.0,50.39,20.0,516.4,546.79
1199,antonetta_finley,39,"san_antonio_new_braunfels,_tx_msa",1,8,,,ultimate,2415.0,90000.0,351.0,70.0,70.0,484.96,484.96
1200,delmar_cross,45,"boston_cambridge_newton,_ma_nh_msa",27,11,,,surf,642.0,21000.0,37.0,24.26,20.0,76.4,80.66
1201,jeanelle_estrada,61,"bridgeport_stamford_norwalk,_ct_msa",4,6,,,surf,3118.0,208000.0,47.0,98.54,20.0,1946.4,2024.94
1202,osvaldo_mayer,36,"minneapolis_st_paul_bloomington,_mn_wi_msa",30,9,,,ultimate,1700.0,36000.0,,70.0,70.0,106.96,106.96
1203,manie_grimes,50,"boston_cambridge_newton,_ma_nh_msa",11,2,,,surf,4611.0,140000.0,450.0,143.33,32.0,1266.4,1401.73
1204,sherly_levy,44,"chicago_naperville_elgin,_il_in_wi_msa",20,8,,,ultimate,,59000.0,120.0,70.0,70.0,267.96,267.96
1205,rafael_wade,43,"new_york_newark_jersey_city,_ny_nj_pa_msa",5,4,,,surf,700.0,31000.0,106.0,26.0,21.68,176.4,184.08
1206,angelic_singleton,21,"providence_warwick,_ri_ma_msa",9,7,,,surf,1940.0,155000.0,159.0,63.2,23.27,1416.4,1462.87
1207,samuel_porter,63,"omaha_council_bluffs,_ne_ia_msa",22,12,,,surf,176.0,9000.0,9.0,20.0,20.0,20.0,20.0
1208,enrique_ramirez,44,"san_diego_chula_vista_carlsbad,_ca_msa",17,7,,,surf,505.0,17000.0,,20.15,20.0,36.4,36.55
1209,garret_paul,63,"los_angeles_long_beach_anaheim,_ca_msa",28,8,,,surf,3025.0,88000.0,125.0,95.75,22.25,746.4,824.4
1210,shanae_carrillo,30,"oklahoma_city,_ok_msa",1,6,,,surf,1900.0,51000.0,,62.0,20.0,376.4,418.4
1211,vito_cameron,60,"new_york_newark_jersey_city,_ny_nj_pa_msa",30,6,,,ultimate,1720.0,134000.0,318.0,70.0,70.0,792.96,792.96
1212,alfredo_pruitt,36,"austin_round_rock_georgetown,_tx_msa",27,7,,,surf,1536.0,71000.0,168.0,51.08,23.54,576.4,611.02
1213,carl_newman,47,"san_diego_chula_vista_carlsbad,_ca_msa",25,11,,,ultimate,608.0,21000.0,96.0,70.0,70.0,70.0,70.0
1214,emil_robles,34,"san_francisco_oakland_berkeley,_ca_msa",1,1,,,ultimate,4797.0,215000.0,180.0,87.97,70.0,1359.96,1377.93
1215,adelle_knapp,70,"new_york_newark_jersey_city,_ny_nj_pa_msa",1,7,,,surf,3069.0,121000.0,340.0,97.07,28.7,1076.4,1162.17
1216,reita_atkins,29,"san_francisco_oakland_berkeley,_ca_msa",19,6,,,surf,1140.0,50000.0,,39.2,20.0,366.4,385.6
1217,ned_thomas,69,"dayton_kettering,_oh_msa",4,6,,,surf,1755.0,64000.0,,57.65,20.0,506.4,544.05
1218,stanford_pena,23,"bakersfield,_ca_msa",16,1,,,surf,318.0,14000.0,32.0,20.0,20.0,20.0,20.0
1219,gavin_keller,51,"detroit_warren_dearborn,_mi_msa",14,5,,,surf,1327.0,37000.0,42.0,44.81,20.0,236.4,261.21
1220,jack_strong,26,"cincinnati,_oh_ky_in_msa",22,4,13.0,10.0,surf,4752.0,157000.0,276.0,147.56,26.78,1436.4,1570.74
1221,mckenzie_wilkinson,18,"boston_cambridge_newton,_ma_nh_msa",17,12,,,surf,108.0,8000.0,11.0,20.0,20.0,20.0,20.0
1222,cleo_anderson,18,"los_angeles_long_beach_anaheim,_ca_msa",27,6,,,surf,3731.0,114000.0,126.0,116.93,22.28,1006.4,1105.61
1223,patience_wilson,37,"phoenix_mesa_chandler,_az_msa",5,7,,,surf,3822.0,137000.0,154.0,119.66,23.12,1236.4,1339.18
1224,kelly_cole,74,"atlanta_sandy_springs_roswell,_ga_msa",28,6,,,ultimate,900.0,83000.0,230.0,70.0,70.0,435.96,435.96
1225,margarito_barker,41,"columbia,_sc_msa",7,6,,,surf,495.0,15000.0,,20.0,20.0,20.0,20.0
1226,denver_harrell,64,"riverside_san_bernardino_ontario,_ca_msa",15,3,,,ultimate,2870.0,108000.0,,70.0,70.0,610.96,610.96
1227,vanesa_willis,29,"dallas_fort_worth_arlington,_tx_msa",17,1,,,surf,360.0,19000.0,27.0,20.0,20.0,56.4,56.4
1228,jude_hale,26,"detroit_warren_dearborn,_mi_msa",15,4,,,surf,821.0,32000.0,6.0,29.63,20.0,186.4,196.03
1229,augustus_barker,69,"austin_round_rock_georgetown,_tx_msa",9,12,,,ultimate,107.0,21000.0,125.0,70.0,70.0,70.0,70.0
1230,andre_estes,38,"new_york_newark_jersey_city,_ny_nj_pa_msa",27,2,,,ultimate,453.0,22000.0,126.0,70.0,70.0,70.0,70.0
1231,gaylord_witt,57,"san_jose_sunnyvale_santa_clara,_ca_msa",19,1,,,ultimate,3583.0,120000.0,21.0,75.83,70.0,694.96,700.79
1232,elidia_russell,64,"chicago_naperville_elgin,_il_in_wi_msa",7,4,,,surf,5060.0,149000.0,19.0,156.8,20.0,1356.4,1493.2
1233,janee_perkins,33,"atlanta_sandy_springs_roswell,_ga_msa",11,9,,,surf,757.0,51000.0,,27.71,20.0,376.4,384.11
1234,matt_taylor,19,"seattle_tacoma_bellevue,_wa_msa",12,9,,,ultimate,502.0,10000.0,53.0,70.0,70.0,70.0,70.0
1235,felton_nguyen,50,"minneapolis_st_paul_bloomington,_mn_wi_msa",20,2,,,surf,481.0,22000.0,61.0,20.0,20.33,86.4,86.73
1236,odell_juarez,74,"minneapolis_st_paul_bloomington,_mn_wi_msa",4,4,,,ultimate,4522.0,154000.0,244.0,85.22,70.0,932.96,948.18
1237,leighann_wheeler,50,"new_york_newark_jersey_city,_ny_nj_pa_msa",26,8,,,ultimate,2874.0,50000.0,140.0,70.0,70.0,204.96,204.96
1238,jackeline_byrd,42,"dallas_fort_worth_arlington,_tx_msa",16,6,,,surf,933.0,46000.0,,32.99,20.0,326.4,339.39
1239,quentin_hancock,24,"fresno,_ca_msa",11,8,,,surf,1619.0,46000.0,,53.57,20.0,326.4,359.97
1240,drema_lopez,61,"baton_rouge,_la_msa",18,3,,,surf,6999.0,244000.0,77.0,214.97,20.81,2306.4,2502.18
1241,lala_walls,24,"richmond,_va_msa",27,8,,,surf,2412.0,43000.0,132.0,77.36,22.46,296.4,356.22
1242,lashunda_johns,37,"san_antonio_new_braunfels,_tx_msa",2,6,,,surf,753.0,36000.0,192.0,27.59,24.26,226.4,238.25
1243,isaias_compton,71,"phoenix_mesa_chandler,_az_msa",11,5,,,surf,970.0,65000.0,48.0,34.1,20.0,516.4,530.5
1244,demarcus_ellis,75,"birmingham_hoover,_al_msa",5,2,,,surf,302.0,41000.0,74.0,20.0,20.72,276.4,277.12
1245,quinn_david,30,"new_york_newark_jersey_city,_ny_nj_pa_msa",19,6,,,surf,1548.0,48000.0,54.0,51.44,20.12,346.4,377.96
1246,stevie_moran,69,"tampa_st_petersburg_clearwater,_fl_msa",9,1,31.0,7.0,ultimate,4945.0,163000.0,140.0,89.45,70.0,995.96,1015.41
1247,marion_singleton,75,"los_angeles_long_beach_anaheim,_ca_msa",12,4,,,ultimate,2841.0,103000.0,600.0,70.0,70.0,575.96,575.96
1248,leigha_dawson,35,"nashville_davidson_murfreesboro_franklin,_tn_msa",1,11,,,surf,1065.0,20000.0,112.0,36.95,21.86,66.4,85.21
1249,kelly_goodman,41,"cincinnati,_oh_ky_in_msa",14,5,,,ultimate,3339.0,91000.0,199.0,73.39,70.0,491.96,495.35
1250,milan_sellers,57,"houston_the_woodlands_sugar_land,_tx_msa",3,4,,,ultimate,1513.0,30000.0,201.0,70.0,70.0,70.0,70.0
1251,tifany_mcgee,45,"new_york_newark_jersey_city,_ny_nj_pa_msa",1,1,,,surf,5321.0,238000.0,310.0,164.63,27.8,2246.4,2398.83
1252,mitsue_york,27,"detroit_warren_dearborn,_mi_msa",10,6,,,surf,2942.0,97000.0,208.0,93.26,24.74,836.4,914.4
1253,sumiko_dudley,28,"cleveland_elyria,_oh_msa",18,8,,,ultimate,524.0,61000.0,92.0,70.0,70.0,281.96,281.96
1254,billy_webb,49,"detroit_warren_dearborn,_mi_msa",3,8,,,surf,2523.0,99000.0,525.0,80.69,34.25,856.4,931.34
1255,kennith_rowland,22,"oklahoma_city,_ok_msa",1,8,,,ultimate,2959.0,52000.0,267.0,70.0,70.0,218.96,218.96
1256,johnny_wise,53,"chicago_naperville_elgin,_il_in_wi_msa",11,9,,,surf,1997.0,56000.0,97.0,64.91,21.41,426.4,472.72
1257,gabriel_o_donnell,61,"new_york_newark_jersey_city,_ny_nj_pa_msa",29,1,,,surf,5138.0,122000.0,270.0,159.14,26.6,1086.4,1232.14
1258,kai_russell,39,"chicago_naperville_elgin,_il_in_wi_msa",12,7,,,surf,385.0,122000.0,277.0,20.0,26.81,1086.4,1093.21
1259,etsuko_perry,63,"philadelphia_camden_wilmington,_pa_nj_de_md_msa",16,3,,,surf,1492.0,30000.0,301.0,49.76,27.53,166.4,203.69
1260,alia_aguilar,36,"los_angeles_long_beach_anaheim,_ca_msa",2,12,,,surf,504.0,20000.0,80.0,20.12,20.9,66.4,67.42
1261,dusti_forbes,31,"kansas_city,_mo_ks_msa",22,2,,,surf,5197.0,197000.0,503.0,160.91,33.59,1836.4,1990.9
1262,michelina_hamilton,34,"dallas_fort_worth_arlington,_tx_msa",9,2,,,surf,291.0,17000.0,57.0,20.0,20.21,36.4,36.61
1263,lucio_duffy,39,"boston_cambridge_newton,_ma_nh_msa",6,3,,,surf,5581.0,166000.0,30.0,172.43,20.0,1526.4,1678.83
1264,jessie_hill,69,"los_angeles_long_beach_anaheim,_ca_msa",3,5,,,ultimate,2854.0,130000.0,500.0,70.0,70.0,764.96,764.96
1265,alec_henry,29,"washington_arlington_alexandria,_dc_va_md_wv_msa",23,11,,,surf,310.0,34000.0,,20.0,20.0,206.4,206.4
1266,dorie_chandler,62,"new_york_newark_jersey_city,_ny_nj_pa_msa",13,12,,,surf,323.0,12000.0,24.0,20.0,20.0,20.0,20.0
1267,gia_parker,53,"st_louis,_mo_il_msa",12,3,,,surf,1653.0,40000.0,138.0,54.59,22.64,266.4,303.63
1268,britni_bowers,33,"fresno,_ca_msa",13,1,,,surf,5074.0,316000.0,300.0,157.22,27.5,3026.4,3171.12
1269,irving_thompson,39,"dallas_fort_worth_arlington,_tx_msa",13,9,15.0,12.0,ultimate,,,,70.0,70.0,70.0,70.0
1270,anjelica_chan,70,"philadelphia_camden_wilmington,_pa_nj_de_md_msa",18,9,,,ultimate,1257.0,74000.0,95.0,70.0,70.0,372.96,372.96
1271,darrin_rose,48,"new_york_newark_jersey_city,_ny_nj_pa_msa",24,6,,,surf,531.0,18000.0,83.0,20.93,20.99,46.4,48.32
1272,ernest_mercado,23,"minneapolis_st_paul_bloomington,_mn_wi_msa",4,8,,,surf,659.0,45000.0,62.0,24.77,20.36,316.4,321.53
1273,hermila_ryan,25,"baton_rouge,_la_msa",13,10,,,ultimate,985.0,44000.0,151.0,70.0,70.0,162.96,162.96
1274,dudley_massey,53,"philadelphia_camden_wilmington,_pa_nj_de_md_msa",10,6,,,ultimate,357.0,18000.0,17.0,70.0,70.0,70.0,70.0
1275,elvie_velazquez,33,"new_york_newark_jersey_city,_ny_nj_pa_msa",29,11,,,ultimate,,,,70.0,70.0,70.0,70.0
1276,karmen_carney,20,"phoenix_mesa_chandler,_az_msa",14,2,,,surf,1359.0,59000.0,76.0,45.77,20.78,456.4,482.95
1277,andrew_faulkner,25,"new_york_newark_jersey_city,_ny_nj_pa_msa",2,2,,,surf,6167.0,192000.0,,190.01,20.0,1786.4,1956.41
1278,masako_montgomery,39,"dayton_kettering,_oh_msa",3,11,,,surf,671.0,39000.0,56.0,25.13,20.18,256.4,261.71
1279,neal_duke,27,"baton_rouge,_la_msa",5,2,,,ultimate,1442.0,43000.0,63.0,70.0,70.0,155.96,155.96
1280,jasper_berry,29,"new_york_newark_jersey_city,_ny_nj_pa_msa",23,6,,,surf,2984.0,99000.0,304.0,94.52,27.62,856.4,938.54
1281,zack_hardy,39,"charlotte_concord_gastonia,_nc_sc_msa",23,7,14.0,11.0,surf,3249.0,50000.0,227.0,102.47,25.31,366.4,454.18
1282,annice_calhoun,61,"san_francisco_oakland_berkeley,_ca_msa",1,11,,,ultimate,897.0,43000.0,,70.0,70.0,155.96,155.96
1283,alan_burgess,38,"charleston_north_charleston,_sc_msa",16,6,,,ultimate,1019.0,38000.0,128.0,70.0,70.0,120.96,120.96
1284,yuri_odom,51,"dayton_kettering,_oh_msa",7,9,,,surf,3011.0,102000.0,,95.33,20.0,886.4,961.73
1285,joesph_barry,28,"los_angeles_long_beach_anaheim,_ca_msa",3,8,,,surf,1960.0,21000.0,127.0,63.8,22.31,76.4,122.51
1286,casie_castaneda,52,"new_haven_milford,_ct_msa",7,12,,,surf,453.0,12000.0,10.0,20.0,20.0,20.0,20.0
1287,heide_gill,74,"sacramento_roseville_folsom,_ca_msa",15,3,,,surf,749.0,31000.0,212.0,27.47,24.86,176.4,188.73
1288,jenette_rush,60,"las_vegas_henderson_paradise,_nv_msa",18,7,,,surf,846.0,42000.0,,30.38,20.0,286.4,296.78
1289,steve_blair,47,"detroit_warren_dearborn,_mi_msa",12,11,,,ultimate,1121.0,32000.0,90.0,70.0,70.0,78.96,78.96
1290,thaddeus_compton,33,"new_york_newark_jersey_city,_ny_nj_pa_msa",14,9,,,surf,156.0,14000.0,69.0,20.0,20.57,20.0,20.57
1291,angeles_mejia,65,"indianapolis_carmel_anderson,_in_msa",29,1,,,surf,4860.0,141000.0,90.0,150.8,21.2,1276.4,1408.4
1292,cassey_french,42,"dallas_fort_worth_arlington,_tx_msa",27,1,,,surf,1433.0,241000.0,,47.99,20.0,2276.4,2304.39
1293,lanny_nolan,23,"philadelphia_camden_wilmington,_pa_nj_de_md_msa",13,8,,,surf,2707.0,152000.0,432.0,86.21,31.46,1386.4,1464.07
1294,demetrius_russo,67,"new_york_newark_jersey_city,_ny_nj_pa_msa",19,4,,,surf,977.0,53000.0,172.0,34.31,23.66,396.4,414.37
1295,hung_flowers,68,"kansas_city,_mo_ks_msa",11,8,,,surf,2552.0,92000.0,108.0,81.56,21.74,786.4,849.7
1296,weston_conley,36,"miami_fort_lauderdale_west_palm_beach,_fl_msa",20,10,18.0,12.0,ultimate,814.0,47000.0,45.0,70.0,70.0,183.96,183.96
1297,nicky_tucker,51,"los_angeles_long_beach_anaheim,_ca_msa",25,8,,,surf,197.0,21000.0,,20.0,20.0,76.4,76.4
1298,loyce_cooley,53,"nashville_davidson_murfreesboro_franklin,_tn_msa",21,9,19.0,12.0,surf,590.0,18000.0,103.0,22.7,21.59,46.4,50.69
1299,keitha_harrison,64,"new_york_newark_jersey_city,_ny_nj_pa_msa",19,1,,,surf,4434.0,153000.0,90.0,138.02,21.2,1396.4,1515.62
1300,rene_frost,23,"new_york_newark_jersey_city,_ny_nj_pa_msa",21,10,19.0,12.0,surf,861.0,49000.0,,30.83,20.0,356.4,367.23
1301,tomas_horton,64,"chicago_naperville_elgin,_il_in_wi_msa",4,1,,,ultimate,1100.0,45000.0,158.0,70.0,70.0,169.96,169.96
1302,leonila_morris,62,"rochester,_ny_msa",21,1,,,surf,1366.0,73000.0,186.0,45.98,24.08,596.4,626.46
1303,rosamaria_reeves,67,"detroit_warren_dearborn,_mi_msa",25,10,,,ultimate,118.0,26000.0,148.0,70.0,70.0,70.0,70.0
1304,dominque_cole,69,"birmingham_hoover,_al_msa",28,10,,,ultimate,1102.0,49000.0,131.0,70.0,70.0,197.96,197.96
1305,gwenn_gross,18,"los_angeles_long_beach_anaheim,_ca_msa",8,5,,,surf,3713.0,126000.0,26.0,116.39,20.0,1126.4,1222.79
1306,darron_craig,19,"washington_arlington_alexandria,_dc_va_md_wv_msa",26,11,,,surf,6.0,1000.0,,20.0,20.0,20.0,20.0
1307,kristopher_lang,28,"boston_cambridge_newton,_ma_nh_msa",31,12,,,surf,,,,20.0,20.0,20.0,20.0
1308,samara_monroe,46,"virginia_beach_norfolk_newport_news,_va_nc_msa",22,11,,,surf,495.0,29000.0,60.0,20.0,20.3,156.4,156.7
1309,winfred_zimmerman,19,"san_diego_chula_vista_carlsbad,_ca_msa",4,7,,,surf,637.0,18000.0,70.0,24.11,20.6,46.4,51.11
1310,vincent_fry,73,"portland_vancouver_hillsboro,_or_wa_msa",29,11,,,surf,140.0,22000.0,,20.0,20.0,86.4,86.4
1311,cherlyn_saunders,69,"memphis,_tn_ms_ar_msa",27,6,,,ultimate,1399.0,110000.0,,70.0,70.0,624.96,624.96
1312,kory_emerson,42,"fresno,_ca_msa",26,1,,,surf,3519.0,200000.0,288.0,110.57,27.14,1866.4,1964.11
1313,antoine_baker,49,"san_francisco_oakland_berkeley,_ca_msa",24,5,,,surf,3922.0,115000.0,308.0,122.66,27.74,1016.4,1126.8
1314,brice_morgan,35,"los_angeles_long_beach_anaheim,_ca_msa",6,3,,,ultimate,961.0,30000.0,40.0,70.0,70.0,70.0,70.0
1315,mora_schroeder,45,"raleigh_cary,_nc_msa",26,4,3.0,10.0,surf,632.0,14000.0,56.0,23.96,20.18,20.0,24.14
1316,lucilla_weeks,59,"tulsa,_ok_msa",21,5,,,surf,1551.0,146000.0,433.0,51.53,31.49,1326.4,1369.42
1317,ruthanne_heath,70,"phoenix_mesa_chandler,_az_msa",11,11,,,ultimate,1170.0,27000.0,,70.0,70.0,70.0,70.0
1318,huey_walsh,54,"atlanta_sandy_springs_roswell,_ga_msa",29,9,,,surf,1142.0,65000.0,115.0,39.26,21.95,516.4,537.61
1319,eliseo_carson,21,"colorado_springs,_co_msa",17,6,,,surf,,,,20.0,20.0,20.0,20.0
1320,bert_wells,23,"los_angeles_long_beach_anaheim,_ca_msa",23,2,,,surf,7657.0,167000.0,531.0,234.71,34.43,1536.4,1765.54
1321,karlyn_jimenez,19,"north_port_sarasota_bradenton,_fl_msa",31,5,,,surf,3515.0,140000.0,,110.45,20.0,1266.4,1356.85
1322,tyler_sweeney,22,"fresno,_ca_msa",18,6,,,surf,545.0,61000.0,,21.35,20.0,476.4,477.75
1323,pamelia_atkins,42,"baltimore_columbia_towson,_md_msa",30,12,,,surf,28.0,2000.0,1.0,20.0,20.0,20.0,20.0
1324,romana_moore,18,"minneapolis_st_paul_bloomington,_mn_wi_msa",4,4,,,surf,9495.0,167000.0,1175.0,289.85,53.75,1536.4,1840.0
1325,cleora_lyons,43,"dallas_fort_worth_arlington,_tx_msa",26,6,,,surf,588.0,40000.0,,22.64,20.0,266.4,269.04
1326,johnathon_branch,21,"greensboro_high_point,_nc_msa",6,2,,,surf,5339.0,70000.0,444.0,165.17,31.82,566.4,723.39
1327,natosha_peck,20,"new_york_newark_jersey_city,_ny_nj_pa_msa",17,2,,,surf,2153.0,96000.0,135.0,69.59,22.55,826.4,878.54
1328,tamesha_huber,20,"minneapolis_st_paul_bloomington,_mn_wi_msa",10,2,,,surf,6464.0,219000.0,1233.0,198.92,55.49,2056.4,2270.81
1329,doyle_nunez,65,"charleston_north_charleston,_sc_msa",25,8,,,ultimate,5154.0,109000.0,397.0,91.54,70.0,617.96,639.5
1330,tobi_kinney,48,"las_vegas_henderson_paradise,_nv_msa",6,11,,,ultimate,968.0,24000.0,153.0,70.0,70.0,70.0,70.0
1331,lashandra_ramos,54,"dallas_fort_worth_arlington,_tx_msa",6,2,,,surf,1776.0,87000.0,440.0,58.28,31.7,736.4,786.38
1332,lucas_saunders,37,"atlanta_sandy_springs_roswell,_ga_msa",12,3,,,surf,1447.0,114000.0,10.0,48.41,20.0,1006.4,1034.81
1333,macy_david,57,"los_angeles_long_beach_anaheim,_ca_msa",24,11,,,ultimate,486.0,24000.0,7.0,70.0,70.0,70.0,70.0
1334,donovan_horton,34,"seattle_tacoma_bellevue,_wa_msa",8,3,,,surf,8120.0,162000.0,130.0,248.6,22.4,1486.4,1717.4
1335,gail_coleman,61,"dallas_fort_worth_arlington,_tx_msa",2,6,,,surf,3013.0,129000.0,654.0,95.39,38.12,1156.4,1249.91
1336,vance_bradshaw,34,"portland_vancouver_hillsboro,_or_wa_msa",4,4,,,surf,6269.0,163000.0,690.0,193.07,39.2,1496.4,1688.67
1337,lucius_arnold,31,"riverside_san_bernardino_ontario,_ca_msa",11,3,,,surf,1070.0,31000.0,110.0,37.1,21.8,176.4,195.3
1338,janise_bowman,21,"minneapolis_st_paul_bloomington,_mn_wi_msa",9,8,,,surf,2880.0,84000.0,,91.4,20.0,706.4,777.8
1339,mariette_mclean,27,"charlotte_concord_gastonia,_nc_sc_msa",3,3,,,surf,190.0,32000.0,608.0,20.0,36.74,186.4,203.14
1340,vanna_stanton,65,"dallas_fort_worth_arlington,_tx_msa",5,7,,,surf,2190.0,5000.0,250.0,70.7,26.0,20.0,76.7
1341,kaila_andrews,28,"chicago_naperville_elgin,_il_in_wi_msa",17,6,,,surf,1852.0,59000.0,189.0,60.56,24.17,456.4,501.13
1342,eugene_patton,65,"indianapolis_carmel_anderson,_in_msa",21,10,,,surf,519.0,11000.0,7.0,20.57,20.0,20.0,20.57
1343,teresia_ewing,43,"miami_fort_lauderdale_west_palm_beach,_fl_msa",23,8,,,surf,1904.0,87000.0,528.0,62.12,34.34,736.4,792.86
1344,hugo_daugherty,70,"new_york_newark_jersey_city,_ny_nj_pa_msa",25,12,,,surf,42.0,5000.0,14.0,20.0,20.0,20.0,20.0
1345,pasquale_caldwell,26,"los_angeles_long_beach_anaheim,_ca_msa",12,7,,,surf,1277.0,28000.0,36.0,43.31,20.0,146.4,169.71
1346,emmie_gonzalez,59,"tucson,_az_msa",26,4,,,ultimate,2892.0,158000.0,465.0,70.0,70.0,960.96,960.96
1347,trey_lynch,65,"charleston_north_charleston,_sc_msa",17,6,,,ultimate,2297.0,102000.0,372.0,70.0,70.0,568.96,568.96
1348,carl_rutledge,60,"detroit_warren_dearborn,_mi_msa",5,10,,,surf,2066.0,43000.0,142.0,66.98,22.76,296.4,346.14
1349,florentina_diaz,69,"boston_cambridge_newton,_ma_nh_msa",1,10,,,surf,,46000.0,209.0,20.0,24.77,326.4,331.17
1350,al_rasmussen,29,"atlanta_sandy_springs_roswell,_ga_msa",9,3,,,surf,882.0,29000.0,10.0,31.46,20.0,156.4,167.86
1351,kyle_grimes,47,"san_antonio_new_braunfels,_tx_msa",5,9,,,ultimate,307.0,55000.0,39.0,70.0,70.0,239.96,239.96
1352,gavin_galloway,48,"seattle_tacoma_bellevue,_wa_msa",8,9,,,ultimate,2591.0,61000.0,157.0,70.0,70.0,281.96,281.96
1353,emerson_whitfield,56,"north_port_sarasota_bradenton,_fl_msa",27,3,,,surf,2860.0,120000.0,,90.8,20.0,1066.4,1137.2
1354,leonel_dyer,41,"new_york_newark_jersey_city,_ny_nj_pa_msa",24,8,,,ultimate,2198.0,74000.0,155.0,70.0,70.0,372.96,372.96
1355,digna_tyson,57,"los_angeles_long_beach_anaheim,_ca_msa",7,10,,,surf,1668.0,51000.0,282.0,55.04,26.96,376.4,418.4
1356,hae_ryan,46,"milwaukee_waukesha,_wi_msa",16,5,,,surf,656.0,69000.0,112.0,24.68,21.86,556.4,562.94
1357,ria_beach,61,"baton_rouge,_la_msa",30,5,,,surf,2312.0,57000.0,177.0,74.36,23.81,436.4,494.57
1358,vaughn_maldonado,20,"new_york_newark_jersey_city,_ny_nj_pa_msa",26,4,22.0,10.0,surf,3233.0,132000.0,30.0,101.99,20.0,1186.4,1268.39
1359,sherley_norris,33,"colorado_springs,_co_msa",8,2,,,surf,4820.0,313000.0,,149.6,20.0,2996.4,3126.0
1360,arturo_mullins,75,"charlotte_concord_gastonia,_nc_sc_msa",20,9,,,surf,814.0,25000.0,,29.42,20.0,116.4,125.82
1361,jacelyn_hoffman,45,"birmingham_hoover,_al_msa",14,4,,,surf,2789.0,121000.0,288.0,88.67,27.14,1076.4,1152.21
1362,kenyetta_mcknight,65,"denver_aurora_lakewood,_co_msa",18,1,,,surf,7899.0,170000.0,672.0,241.97,38.66,1566.4,1807.03
1363,sandee_lott,33,"seattle_tacoma_bellevue,_wa_msa",5,1,16.0,8.0,ultimate,1206.0,64000.0,144.0,70.0,70.0,302.96,302.96
1364,clarine_bonner,75,"san_diego_chula_vista_carlsbad,_ca_msa",9,8,,,surf,1743.0,77000.0,92.0,57.29,21.26,636.4,674.95
1365,milford_rush,19,"grand_rapids_kentwood,_mi_msa",9,2,,,surf,7283.0,47000.0,280.0,223.49,26.9,336.4,546.79
1366,rod_huff,62,"cincinnati,_oh_ky_in_msa",30,7,,,surf,2873.0,87000.0,75.0,91.19,20.75,736.4,808.34
1367,minh_fischer,18,"baltimore_columbia_towson,_md_msa",23,7,,,surf,787.0,100000.0,,28.61,20.0,866.4,875.01
1368,enola_ray,60,"pittsburgh,_pa_msa",20,5,,,ultimate,4092.0,134000.0,,80.92,70.0,792.96,803.88
1369,bernard_mckee,69,"milwaukee_waukesha,_wi_msa",6,10,,,surf,542.0,52000.0,152.0,21.26,23.06,386.4,390.72
1370,nenita_vasquez,49,"san_diego_chula_vista_carlsbad,_ca_msa",12,9,,,ultimate,2375.0,57000.0,93.0,70.0,70.0,253.96,253.96
1371,roderick_slater,27,"portland_vancouver_hillsboro,_or_wa_msa",27,10,,,surf,889.0,44000.0,84.0,31.67,21.02,306.4,319.09
1372,patria_kim,26,"new_york_newark_jersey_city,_ny_nj_pa_msa",8,10,,,surf,405.0,19000.0,54.0,20.0,20.12,56.4,56.52
1373,lindsey_dickerson,21,"minneapolis_st_paul_bloomington,_mn_wi_msa",30,8,,,ultimate,2735.0,108000.0,244.0,70.0,70.0,610.96,610.96
1374,ching_watts,55,"louisville_jefferson_county,_ky_in_msa",14,2,,,surf,2608.0,250000.0,576.0,83.24,35.78,2366.4,2445.42
1375,andy_holden,69,"philadelphia_camden_wilmington,_pa_nj_de_md_msa",1,12,,,surf,276.0,14000.0,81.0,20.0,20.93,20.0,20.93
1376,mika_williams,58,"columbia,_sc_msa",16,4,,,ultimate,1028.0,37000.0,22.0,70.0,70.0,113.96,113.96
1377,vallie_conway,18,"rochester,_ny_msa",27,3,,,surf,2365.0,122000.0,18.0,75.95,20.0,1086.4,1142.35
1378,mckinley_clayton,22,"denver_aurora_lakewood,_co_msa",17,12,,,surf,,,,20.0,20.0,20.0,20.0
1379,jarrett_spencer,34,"grand_rapids_kentwood,_mi_msa",18,10,,,surf,1362.0,89000.0,154.0,45.86,23.12,756.4,785.38
1380,lajuana_kelley,35,"san_jose_sunnyvale_santa_clara,_ca_msa",4,9,,,ultimate,1931.0,79000.0,210.0,70.0,70.0,407.96,407.96
1381,german_burris,44,"austin_round_rock_georgetown,_tx_msa",30,8,,,surf,1667.0,84000.0,624.0,55.01,37.22,706.4,758.63
1382,luci_kidd,49,"san_diego_chula_vista_carlsbad,_ca_msa",22,6,,,ultimate,7382.0,84000.0,336.0,113.82,70.0,442.96,486.78
1383,margarito_mccoy,52,"tampa_st_petersburg_clearwater,_fl_msa",10,10,,,ultimate,1242.0,58000.0,119.0,70.0,70.0,260.96,260.96
1384,dominique_good,36,"philadelphia_camden_wilmington,_pa_nj_de_md_msa",9,6,,,ultimate,1670.0,148000.0,570.0,70.0,70.0,890.96,890.96
1385,nohemi_erickson,52,"new_york_newark_jersey_city,_ny_nj_pa_msa",19,1,,,surf,4387.0,150000.0,350.0,136.61,29.0,1366.4,1492.01
1386,jeni_gilbert,30,"seattle_tacoma_bellevue,_wa_msa",11,4,,,surf,507.0,29000.0,40.0,20.21,20.0,156.4,156.61
1387,raymonde_lowe,28,"bridgeport_stamford_norwalk,_ct_msa",25,5,,,surf,2526.0,100000.0,80.0,80.78,20.9,866.4,928.08
1388,thu_noel,75,"new_york_newark_jersey_city,_ny_nj_pa_msa",28,3,,,ultimate,302.0,14000.0,98.0,70.0,70.0,70.0,70.0
1389,earleen_glass,18,"miami_fort_lauderdale_west_palm_beach,_fl_msa",6,5,,,ultimate,3822.0,156000.0,,78.22,70.0,946.96,955.18
1390,deloras_strickland,61,"chicago_naperville_elgin,_il_in_wi_msa",11,3,,,ultimate,5419.0,129000.0,,94.19,70.0,757.96,782.15
1391,errol_cooke,52,"new_york_newark_jersey_city,_ny_nj_pa_msa",11,9,,,ultimate,2108.0,63000.0,121.0,70.0,70.0,295.96,295.96
1392,gale_mcfadden,34,"seattle_tacoma_bellevue,_wa_msa",24,5,,,surf,1746.0,121000.0,318.0,57.38,28.04,1076.4,1121.82
1393,wilfredo_rosa,44,"knoxville,_tn_msa",29,10,,,surf,1819.0,26000.0,68.0,59.57,20.54,126.4,166.51
1394,alejandro_carver,28,"stockton,_ca_msa",16,1,,,surf,1165.0,54000.0,80.0,39.95,20.9,406.4,427.25
1395,leonard_wooten,24,"new_york_newark_jersey_city,_ny_nj_pa_msa",19,6,,,ultimate,263.0,12000.0,25.0,70.0,70.0,70.0,70.0
1396,ardelia_benton,65,"salt_lake_city,_ut_msa",1,6,,,surf,1137.0,74000.0,123.0,39.11,22.19,606.4,627.7
1397,willow_steele,70,"oklahoma_city,_ok_msa",1,6,,,surf,5753.0,154000.0,,177.59,20.0,1406.4,1563.99
1398,german_thompson,30,"denver_aurora_lakewood,_co_msa",22,10,,,surf,850.0,36000.0,96.0,30.5,21.38,226.4,238.28
1399,leonila_baird,24,"san_antonio_new_braunfels,_tx_msa",6,6,,,surf,2070.0,156000.0,161.0,67.1,23.33,1426.4,1476.83
1400,kenton_hickman,72,"riverside_san_bernardino_ontario,_ca_msa",8,3,,,surf,5012.0,160000.0,,155.36,20.0,1466.4,1601.76
1401,charmain_bryant,67,"richmond,_va_msa",24,8,,,ultimate,2510.0,40000.0,233.0,70.0,70.0,134.96,134.96
1402,jesus_berry,25,"new_york_newark_jersey_city,_ny_nj_pa_msa",11,6,26.0,12.0,surf,1182.0,57000.0,,40.46,20.0,436.4,456.86
1403,jae_gardner,27,"washington_arlington_alexandria,_dc_va_md_wv_msa",6,2,,,ultimate,2018.0,244000.0,,70.0,70.0,1562.96,1562.96
1404,paulita_conley,33,"new_york_newark_jersey_city,_ny_nj_pa_msa",16,4,,,surf,2910.0,100000.0,60.0,92.3,20.3,866.4,939.0
1405,shella_hunter,34,"indianapolis_carmel_anderson,_in_msa",22,6,,,ultimate,1064.0,117000.0,434.0,70.0,70.0,673.96,673.96
1406,noble_jefferson,54,"san_diego_chula_vista_carlsbad,_ca_msa",4,3,,,surf,3751.0,184000.0,,117.53,20.0,1706.4,1803.93
1407,tristan_daugherty,27,"new_york_newark_jersey_city,_ny_nj_pa_msa",29,11,,,ultimate,200.0,21000.0,52.0,70.0,70.0,70.0,70.0
1408,alaine_robertson,40,"baltimore_columbia_towson,_md_msa",11,1,,,surf,5035.0,169000.0,429.0,156.05,31.37,1556.4,1703.82
1409,elvis_vargas,38,"charlotte_concord_gastonia,_nc_sc_msa",4,10,,,ultimate,897.0,54000.0,77.0,70.0,70.0,232.96,232.96
1410,wendell_lloyd,46,"los_angeles_long_beach_anaheim,_ca_msa",6,10,,,surf,1445.0,56000.0,37.0,48.35,20.0,426.4,454.75
1411,man_fleming,64,"rochester,_ny_msa",10,8,,,surf,2140.0,57000.0,,69.2,20.0,436.4,485.6
1412,cortez_reese,61,"detroit_warren_dearborn,_mi_msa",8,4,,,ultimate,6629.0,107000.0,336.0,106.29,70.0,603.96,640.25
1413,andre_hensley,38,"bakersfield,_ca_msa",12,7,,,surf,335.0,15000.0,30.0,20.0,20.0,20.0,20.0
1414,georgianne_herring,30,"urban_honolulu,_hi_msa",3,3,1.0,9.0,surf,1747.0,111000.0,225.0,57.41,25.25,976.4,1019.06
1415,rosette_mendez,56,"boston_cambridge_newton,_ma_nh_msa",27,2,,,surf,3019.0,123000.0,,95.57,20.0,1096.4,1171.97
1416,deja_moss,25,"minneapolis_st_paul_bloomington,_mn_wi_msa",3,10,21.0,11.0,surf,1151.0,70000.0,124.0,39.53,22.22,566.4,588.15
1417,jorge_madden,51,"minneapolis_st_paul_bloomington,_mn_wi_msa",22,6,,,ultimate,4234.0,134000.0,58.0,82.34,70.0,792.96,805.3
1418,hal_barnes,40,"new_york_newark_jersey_city,_ny_nj_pa_msa",19,1,,,surf,1133.0,157000.0,,38.99,20.0,1436.4,1455.39
1419,bryon_gordon,45,"phoenix_mesa_chandler,_az_msa",29,3,,,surf,1039.0,26000.0,212.0,36.17,24.86,126.4,147.43
1420,season_hardy,27,"san_francisco_oakland_berkeley,_ca_msa",22,2,,,ultimate,1734.0,91000.0,12.0,70.0,70.0,491.96,491.96
1421,zane_hobbs,26,"phoenix_mesa_chandler,_az_msa",18,5,,,surf,987.0,45000.0,180.0,34.61,23.9,316.4,334.91
1422,georgianne_huff,41,"los_angeles_long_beach_anaheim,_ca_msa",3,4,,,ultimate,876.0,37000.0,66.0,70.0,70.0,113.96,113.96
1423,malcom_neal,61,"philadelphia_camden_wilmington,_pa_nj_de_md_msa",16,10,,,surf,240.0,13000.0,26.0,20.0,20.0,20.0,20.0
1424,kasandra_keith,51,"virginia_beach_norfolk_newport_news,_va_nc_msa",24,7,,,ultimate,812.0,35000.0,104.0,70.0,70.0,99.96,99.96
1425,latrisha_larsen,19,"las_vegas_henderson_paradise,_nv_msa",20,9,,,surf,780.0,71000.0,58.0,28.4,20.24,576.4,585.04
1426,lamont_conner,44,"san_francisco_oakland_berkeley,_ca_msa",9,7,,,ultimate,920.0,43000.0,,70.0,70.0,155.96,155.96
1427,zofia_brock,64,"washington_arlington_alexandria,_dc_va_md_wv_msa",26,1,,,ultimate,2548.0,77000.0,,70.0,70.0,393.96,393.96
1428,asuncion_conrad,66,"phoenix_mesa_chandler,_az_msa",23,10,,,surf,1495.0,42000.0,63.0,49.85,20.39,286.4,316.64
1429,arianna_rowe,36,"new_york_newark_jersey_city,_ny_nj_pa_msa",22,12,,,surf,130.0,7000.0,17.0,20.0,20.0,20.0,20.0
1430,myung_pugh,63,"new_york_newark_jersey_city,_ny_nj_pa_msa",7,12,,,surf,576.0,22000.0,32.0,22.28,20.0,86.4,88.68
1431,napoleon_burt,74,"sacramento_roseville_folsom,_ca_msa",28,1,,,surf,1122.0,49000.0,72.0,38.66,20.66,356.4,375.72
1432,azucena_goodwin,59,"salt_lake_city,_ut_msa",3,10,,,ultimate,1883.0,46000.0,27.0,70.0,70.0,176.96,176.96
1433,lyndon_morrison,29,"philadelphia_camden_wilmington,_pa_nj_de_md_msa",29,8,,,ultimate,2035.0,91000.0,420.0,70.0,70.0,491.96,491.96
1434,kai_barr,18,"new_york_newark_jersey_city,_ny_nj_pa_msa",6,3,,,surf,4437.0,146000.0,482.0,138.11,32.96,1326.4,1457.47
1435,darnell_powell,23,"washington_arlington_alexandria,_dc_va_md_wv_msa",24,7,,,ultimate,876.0,109000.0,472.0,70.0,70.0,617.96,617.96
1436,jennine_kinney,69,"philadelphia_camden_wilmington,_pa_nj_de_md_msa",26,8,,,ultimate,2267.0,75000.0,,70.0,70.0,379.96,379.96
1437,louis_neal,42,"dallas_fort_worth_arlington,_tx_msa",12,11,,,surf,1211.0,36000.0,,41.33,20.0,226.4,247.73
1438,harvey_brooks,36,"orlando_kissimmee_sanford,_fl_msa",15,6,,,surf,1210.0,66000.0,172.0,41.3,23.66,526.4,551.36
1439,moses_cabrera,28,"riverside_san_bernardino_ontario,_ca_msa",4,1,,,surf,2548.0,133000.0,528.0,81.44,34.34,1196.4,1272.18
1440,france_barrett,49,"nashville_davidson_murfreesboro_franklin,_tn_msa",16,4,,,surf,4773.0,137000.0,272.0,148.19,26.66,1236.4,1371.25
1441,piedad_myers,23,"atlanta_sandy_springs_roswell,_ga_msa",8,3,19.0,8.0,ultimate,1332.0,38000.0,22.0,70.0,70.0,120.96,120.96
1442,terrell_caldwell,66,"new_york_newark_jersey_city,_ny_nj_pa_msa",25,5,,,ultimate,236.0,15000.0,65.0,70.0,70.0,70.0,70.0
1443,genaro_quinn,58,"atlanta_sandy_springs_roswell,_ga_msa",11,3,,,surf,959.0,41000.0,24.0,33.77,20.0,276.4,290.17
1444,glinda_dickerson,70,"new_haven_milford,_ct_msa",20,6,,,surf,871.0,96000.0,255.0,31.13,26.15,826.4,843.68
1445,elodia_donovan,71,"dallas_fort_worth_arlington,_tx_msa",27,1,,,ultimate,2522.0,83000.0,84.0,70.0,70.0,435.96,435.96
1446,pasquale_ball,52,"austin_round_rock_georgetown,_tx_msa",10,9,,,surf,1422.0,77000.0,76.0,47.66,20.78,636.4,664.84
1447,ramon_hester,62,"orlando_kissimmee_sanford,_fl_msa",1,5,,,surf,1248.0,86000.0,156.0,42.44,23.18,726.4,752.02
1448,elayne_foley,33,"urban_honolulu,_hi_msa",17,10,,,surf,607.0,34000.0,133.0,23.21,22.49,206.4,212.1
1449,boyd_kelley,39,"seattle_tacoma_bellevue,_wa_msa",4,10,,,surf,869.0,61000.0,,31.07,20.0,476.4,487.47
1450,errol_marquez,67,"bakersfield,_ca_msa",16,6,,,ultimate,688.0,18000.0,82.0,70.0,70.0,70.0,70.0
1451,lenard_harding,53,"charlotte_concord_gastonia,_nc_sc_msa",15,2,10.0,12.0,ultimate,2400.0,61000.0,245.0,70.0,70.0,281.96,281.96
1452,miguel_sparks,32,"tucson,_az_msa",29,12,,,surf,36.0,1000.0,4.0,20.0,20.0,20.0,20.0
1453,robt_tyler,51,"los_angeles_long_beach_anaheim,_ca_msa",9,7,,,ultimate,568.0,35000.0,86.0,70.0,70.0,99.96,99.96
1454,kymberly_cohen,56,"san_antonio_new_braunfels,_tx_msa",30,5,,,ultimate,1321.0,115000.0,426.0,70.0,70.0,659.96,659.96
1455,jude_fischer,20,"denver_aurora_lakewood,_co_msa",13,8,,,surf,594.0,11000.0,77.0,22.82,20.81,20.0,23.63
1456,seymour_olsen,66,"minneapolis_st_paul_bloomington,_mn_wi_msa",2,6,,,ultimate,3195.0,86000.0,234.0,71.95,70.0,456.96,458.91
1457,janean_lynch,47,"new_york_newark_jersey_city,_ny_nj_pa_msa",17,2,,,surf,85.0,14000.0,4.0,20.0,20.0,20.0,20.0
1458,joella_munoz,32,"detroit_warren_dearborn,_mi_msa",24,7,,,ultimate,919.0,95000.0,174.0,70.0,70.0,519.96,519.96
1459,santos_head,40,"san_francisco_oakland_berkeley,_ca_msa",27,4,,,ultimate,1207.0,52000.0,,70.0,70.0,218.96,218.96
1460,winford_underwood,46,"fresno,_ca_msa",28,5,,,ultimate,2839.0,218000.0,339.0,70.0,70.0,1380.96,1380.96
1461,rupert_santana,54,"pittsburgh,_pa_msa",14,9,,,surf,1164.0,45000.0,,39.92,20.0,316.4,336.32
1462,lesley_workman,20,"las_vegas_henderson_paradise,_nv_msa",5,9,,,ultimate,1105.0,32000.0,204.0,70.0,70.0,78.96,78.96
1463,dinorah_simmons,30,"atlanta_sandy_springs_roswell,_ga_msa",27,11,,,ultimate,,,,70.0,70.0,70.0,70.0
1464,burt_burke,70,"providence_warwick,_ri_ma_msa",7,11,,,surf,1160.0,33000.0,58.0,39.8,20.24,196.4,216.44
1465,arianna_morrison,73,"pittsburgh,_pa_msa",22,6,,,ultimate,4719.0,107000.0,194.0,87.19,70.0,603.96,621.15
1466,alphonse_harmon,56,"los_angeles_long_beach_anaheim,_ca_msa",26,1,17.0,9.0,surf,1443.0,115000.0,320.0,48.29,28.1,1016.4,1052.79
1467,nickolas_deleon,64,"atlanta_sandy_springs_roswell,_ga_msa",31,1,18.0,11.0,ultimate,3650.0,158000.0,531.0,76.5,70.0,960.96,967.46
1468,johana_kim,55,"denver_aurora_lakewood,_co_msa",8,9,,,surf,1769.0,62000.0,143.0,58.07,22.79,486.4,527.26
1469,rory_nixon,75,"new_york_newark_jersey_city,_ny_nj_pa_msa",4,6,,,surf,310.0,37000.0,30.0,20.0,20.0,236.4,236.4
1470,gerald_reese,45,"washington_arlington_alexandria,_dc_va_md_wv_msa",21,4,,,surf,4063.0,,1056.0,126.89,50.18,20.0,157.07
1471,britni_mitchell,59,"richmond,_va_msa",13,10,,,surf,174.0,12000.0,50.0,20.0,20.0,20.0,20.0
1472,maximo_mendoza,51,"san_francisco_oakland_berkeley,_ca_msa",10,4,,,surf,3757.0,100000.0,247.0,117.71,25.91,866.4,970.02
1473,kirk_velez,61,"louisville_jefferson_county,_ky_in_msa",31,12,,,surf,,,,20.0,20.0,20.0,20.0
1474,randee_carpenter,26,"bakersfield,_ca_msa",26,8,,,surf,1153.0,88000.0,141.0,39.59,22.73,746.4,768.72
1475,arlen_sutton,66,"dallas_fort_worth_arlington,_tx_msa",28,5,,,ultimate,1677.0,94000.0,378.0,70.0,70.0,512.96,512.96
1476,tammara_dorsey,24,"los_angeles_long_beach_anaheim,_ca_msa",10,6,,,ultimate,2681.0,67000.0,225.0,70.0,70.0,323.96,323.96
1477,magaly_rivas,52,"riverside_san_bernardino_ontario,_ca_msa",24,8,,,ultimate,677.0,57000.0,3.0,70.0,70.0,253.96,253.96
1478,elane_david,51,"portland_vancouver_hillsboro,_or_wa_msa",28,6,,,ultimate,1801.0,86000.0,60.0,70.0,70.0,456.96,456.96
1479,keesha_burnett,44,"riverside_san_bernardino_ontario,_ca_msa",12,11,,,surf,1670.0,15000.0,1.0,55.1,20.0,20.0,55.1
1480,jasper_buchanan,46,"st_louis,_mo_il_msa",13,12,,,surf,541.0,9000.0,51.0,21.23,20.03,20.0,21.26
1481,roni_frye,32,"urban_honolulu,_hi_msa",27,12,,,surf,36.0,2000.0,3.0,20.0,20.0,20.0,20.0
1482,armand_glenn,70,"new_york_newark_jersey_city,_ny_nj_pa_msa",1,1,,,ultimate,841.0,22000.0,94.0,70.0,70.0,70.0,70.0
1483,miguel_farrell,35,"chicago_naperville_elgin,_il_in_wi_msa",25,4,,,surf,3498.0,92000.0,60.0,109.94,20.3,786.4,876.64
1484,delpha_baldwin,46,"dallas_fort_worth_arlington,_tx_msa",29,11,,,surf,422.0,8000.0,84.0,20.0,21.02,20.0,21.02
1485,damion_woodard,67,"nashville_davidson_murfreesboro_franklin,_tn_msa",21,8,,,surf,329.0,20000.0,24.0,20.0,20.0,66.4,66.4
1486,sang_solis,29,"orlando_kissimmee_sanford,_fl_msa",5,12,,,surf,347.0,21000.0,10.0,20.0,20.0,76.4,76.4
1487,elton_simpson,18,"cape_coral_fort_myers,_fl_msa",16,8,,,ultimate,416.0,14000.0,66.0,70.0,70.0,70.0,70.0
1488,shirley_jones,29,"baton_rouge,_la_msa",15,5,,,surf,5218.0,170000.0,,161.54,20.0,1566.4,1707.94
1489,londa_jenkins,72,"detroit_warren_dearborn,_mi_msa",24,5,,,surf,1659.0,63000.0,320.0,54.77,28.1,496.4,539.27
1490,shane_cortez,42,"sacramento_roseville_folsom,_ca_msa",20,1,,,ultimate,2238.0,194000.0,,70.0,70.0,1212.96,1212.96
1491,terina_jensen,22,"grand_rapids_kentwood,_mi_msa",27,4,18.0,9.0,surf,3519.0,68000.0,409.0,110.57,30.77,546.4,647.74
1492,elvie_jones,63,"portland_vancouver_hillsboro,_or_wa_msa",7,3,,,surf,1074.0,42000.0,108.0,37.22,21.74,286.4,305.36
1493,cicely_wynn,18,"boston_cambridge_newton,_ma_nh_msa",6,3,,,ultimate,2325.0,79000.0,,70.0,70.0,407.96,407.96
1494,preston_downs,70,"new_york_newark_jersey_city,_ny_nj_pa_msa",19,4,,,surf,2841.0,95000.0,174.0,90.23,23.72,816.4,890.35
1495,fidel_sharpe,67,"new_york_newark_jersey_city,_ny_nj_pa_msa",4,9,,,surf,1765.0,100000.0,,57.95,20.0,866.4,904.35
1496,ariel_shepherd,49,"new_orleans_metairie,_la_msa",20,2,,,surf,1455.0,67000.0,65.0,48.65,20.45,536.4,565.5
1497,donte_barrera,49,"los_angeles_long_beach_anaheim,_ca_msa",10,12,,,ultimate,300.0,12000.0,50.0,70.0,70.0,70.0,70.0
1498,scot_williamson,51,"new_york_newark_jersey_city,_ny_nj_pa_msa",4,2,,,surf,3211.0,232000.0,,101.33,20.0,2186.4,2267.73
1499,shena_dickson,37,"orlando_kissimmee_sanford,_fl_msa",6,5,,,surf,1535.0,73000.0,,51.05,20.0,596.4,627.45
